total STD functions, total function uses, total STD classes, total class uses
185, 1950, 21, 276

STD function name, use count
std::sin, 1
std::basic_ifstream::basic_ifstream, 2
std::basic_string::size, 18
std::atomic_bool::operator=, 2
std::atomic_bool::atomic_bool, 2
std::basic_fstream::open, 2
std::lock_guard::lock_guard, 5
std::unordered_map::operator[], 4
std::uniform_real_distribution::operator(), 3
std::basic_string::resize, 2
std::shared_ptr::operator=, 19
std::fpos::operator long, 5
std::ptr_fun, 4
std::basic_string::at, 2
std::shared_ptr::shared_ptr, 9
std::find_if, 6
std::__shared_ptr::get, 8
std::basic_istream::gcount, 2
std::forward, 2
std::__detail::operator!=, 1
std::_Rb_tree_const_iterator::operator->, 4
std::vector::resize, 2
std::queue::empty, 1
std::basic_fstream::close, 1
std::linear_congruential_engine::seed, 1
std::basic_streambuf::gptr, 3
std::unordered_map::find, 3
std::vector::push_back, 61
std::unique_ptr::operator=, 1
std::_Rb_tree_iterator::operator==, 2
std::reverse_iterator::base, 2
std::basic_string::empty, 12
std::_Rb_tree_iterator::operator*, 4
std::queue::pop, 1
std::operator|, 3
std::basic_string::basic_string, 113
std::basic_fstream::is_open, 1
std::basic_string::length, 20
std::map::operator[], 28
std::vector::erase, 1
std::replace, 1
std::queue::push, 3
std::atomic_bool::operator _Bool, 3
std::unique_ptr::get, 4
std::transform, 2
std::operator==, 18
std::vector::reserve, 3
std::vector::operator=, 6
std::make_pair, 30
std::basic_ios::operator!, 1
std::basic_string::find_last_of, 2
std::operator!=, 3
std::basic_ios::operator void *, 4
std::vector::clear, 5
std::basic_streambuf::eback, 7
std::basic_ostream::flush, 3
std::basic_string::erase, 10
std::map::insert, 26
std::map::size, 1
std::vector::size, 21
std::basic_istream::seekg, 11
std::function::function, 2
std::bind, 2
std::function::operator=, 3
std::vector::end, 36
std::basic_stringstream::basic_stringstream, 2
std::basic_stringstream::str, 77
std::basic_string::find_first_of, 1
std::max, 4
std::char_traits::to_int_type, 1
std::char_traits::eof, 1
std::basic_ostream::write, 1
std::fpos::fpos, 1
std::basic_string::compare, 2
std::basic_istream::tellg, 7
std::map::find, 27
std::unordered_map::end, 3
std::basic_string::c_str, 47
std::basic_ios::eof, 1
std::basic_streambuf::setp, 1
std::vector::operator[], 135
std::basic_streambuf::egptr, 6
std::basic_ifstream::is_open, 2
std::map::operator=, 3
std::basic_string::substr, 12
std::acos, 1
std::basic_ios::fail, 1
std::map::clear, 3
std::vector::at, 2
std::map::at, 11
std::atomic_bool::exchange, 1
std::stod, 4
std::cos, 1
std::basic_string::append, 2
std::__shared_ptr::operator->, 214
std::getline, 6
std::basic_istream::read, 174
std::basic_string::replace, 2
std::basic_ios::clear, 2
std::not1, 4
std::_Rb_tree_iterator::operator!=, 11
std::fpos::operator=, 1
std::map::begin, 7
std::thread::thread, 1
std::pair::pair, 1
std::basic_string::operator+=, 1
std::vector::empty, 1
std::operator<<, 230
std::copy, 1
std::basic_ostream::operator<<, 49
std::map::empty, 8
std::basic_string::rbegin, 2
std::basic_istringstream::basic_istringstream, 2
std::move, 14
std::__detail::operator==, 2
std::find, 4
std::_Rb_tree_iterator::operator++, 10
std::_Rb_tree_iterator::operator->, 14
std::operator+, 6
std::basic_ios::good, 3
std::map::end, 28
std::basic_string::begin, 13
std::basic_string::operator[], 9
std::basic_string::end, 12
std::make_shared, 31
std::_Rb_tree_const_iterator::operator!=, 2
std::queue::front, 1
std::vector::begin, 33
std::basic_string::operator=, 86
std::function::operator(), 5
std::min, 4
std::basic_string::find, 19
std::unique_ptr::unique_ptr, 1
std::basic_string::rend, 2
std::basic_streambuf::setg, 3
std::uniform_real_distribution::uniform_real_distribution, 1

STD class name, use count
std::vector, 101
std::mutex, 7
std::function, 6
std::basic_ostream, 36
std::ios_base, 7
std::is_pointer, 1
std::unordered_map, 3
std::locale::id, 1
std::queue, 2
std::locale, 3
std::locale::facet, 1
std::lock_guard, 5
std::enable_if, 1
std::shared_ptr, 34
std::basic_ios, 8
std::atomic_bool, 2
std::thread, 1
std::uniform_real_distribution, 1
std::map, 46
std::pair, 7
std::unique_ptr, 3
