total STD functions, total function uses, total STD classes, total class uses
459, 6782, 31, 2636

STD function name, use count
std::_Deque_iterator::operator=, 1
std::_Rb_tree_const_iterator::_Rb_tree_const_iterator, 16
std::set::insert, 25
std::basic_ifstream::basic_ifstream, 2
std::_Rb_tree_iterator::operator--, 3
std::list::back, 3
std::multimap::equal_range, 3
std::basic_string::size, 24
std::_List_iterator::operator==, 2
std::auto_ptr::operator auto_ptr_ref<type-parameter-1-0>, 93
std::set::operator=, 5
std::_Rb_tree_const_iterator::operator*, 48
std::deque::back, 6
std::type_info::name, 1
std::vector::pop_back, 13
std::_Bit_reference::operator=, 4
std::valarray::operator[], 2
std::deque::clear, 2
std::fpos::operator long, 1
std::basic_ios::exceptions, 3
std::basic_string::reserve, 1
std::set::find, 11
std::vector::max_size, 1
std::fill, 1
std::find_if, 24
std::_Rb_tree_iterator::operator=, 15
std::_Rb_tree_const_iterator::operator->, 40
std::_List_iterator::operator->, 1
std::vector::resize, 25
std::_List_iterator::_List_iterator, 41
std::queue::empty, 1
std::distance, 8
std::_List_const_iterator::operator--, 1
std::_Rb_tree_const_iterator::operator==, 19
std::deque::insert, 1
std::_Rb_tree_const_iterator::operator++, 34
std::vector::vector, 187
std::vector::push_back, 378
std::multimap::begin, 4
std::set::end, 41
std::set::clear, 3
std::deque::size, 13
std::auto_ptr::release, 16
std::_Rb_tree_iterator::operator==, 17
std::multimap::size, 2
std::set_new_handler, 2
std::stable_sort, 2
std::basic_string::push_back, 26
std::runtime_error::runtime_error, 3
std::auto_ptr::operator*, 20
std::auto_ptr::auto_ptr, 96
std::equal_range, 4
std::basic_string::empty, 13
std::basic_istream::putback, 4
std::_Rb_tree_iterator::operator*, 30
std::vector::~vector, 8
std::operator|, 1
std::queue::pop, 1
std::deque::front, 1
std::equal, 1
std::basic_string::basic_string, 77
std::back_insert_iterator::operator=, 3
std::inserter, 3
std::basic_string::length, 52
std::map::operator[], 86
std::list::insert, 8
std::vector::erase, 19
std::remove, 1
std::basic_string::clear, 7
std::list::size, 14
std::reverse_iterator::operator++, 6
std::set::erase, 17
std::_Bit_const_iterator::operator++, 1
std::operator<, 2
std::auto_ptr::reset, 20
std::reverse_iterator::operator->, 4
std::queue::push, 1
std::basic_istream::ignore, 1
std::lexicographical_compare, 1
std::basic_ostringstream::str, 1
std::transform, 13
std::operator==, 123
std::make_pair, 20
std::vector::reserve, 32
std::vector::operator=, 23
std::basic_string::find_last_of, 1
std::basic_ios::operator!, 5
std::operator!=, 23
std::basic_ios::operator void *, 3
std::list::end, 78
std::vector::clear, 97
std::list::~list, 4
std::deque::pop_front, 1
std::basic_ostream::flush, 1
std::_Rb_tree_const_iterator::operator--, 2
std::deque::erase, 3
std::set::upper_bound, 3
std::map::size, 1
std::mem_fun_ref, 4
std::deque::end, 5
std::basic_string::erase, 11
std::numeric_limits::max, 24
std::map::insert, 22
std::basic_istream::get, 8
std::vector::size, 359
std::multimap::find, 2
std::basic_istream::seekg, 2
std::numeric_limits::epsilon, 4
std::_List_iterator::operator*, 50
std::_Deque_iterator::operator+, 2
std::basic_ofstream::close, 4
std::map::~map, 1
std::vector::end, 481
std::_Rb_tree_const_iterator::operator=, 17
std::set::begin, 28
std::basic_string::find_first_of, 2
std::max, 108
std::pair::~pair, 2
std::basic_ostream::write, 23
std::multimap::end, 6
std::back_insert_iterator::operator++, 3
std::vector::rend, 7
std::list::sort, 10
std::stack::pop, 5
std::back_insert_iterator::operator*, 3
std::basic_string::compare, 14
std::vector::rbegin, 10
std::list::push_front, 4
std::list::empty, 37
std::list::remove, 2
std::rotate, 1
std::insert_iterator::insert_iterator, 1
std::basic_istream::tellg, 1
std::_Bit_const_iterator::operator*, 1
std::set::set, 6
std::_List_const_iterator::operator!=, 22
std::map::find, 63
std::basic_string::c_str, 49
std::basic_string::data, 2
std::list::operator=, 1
std::list::rbegin, 1
std::vector::operator[], 391
std::basic_ifstream::is_open, 2
std::_List_iterator::operator!=, 42
std::vector::back, 49
std::basic_string::find_first_not_of, 2
std::map::operator=, 5
std::_List_const_iterator::_List_const_iterator, 4
std::_List_iterator::operator++, 41
std::basic_ifstream::close, 3
std::stack::size, 1
std::basic_string::substr, 23
std::basic_ios::fail, 1
std::_Bit_iterator_base::operator!=, 1
std::map::clear, 8
std::vector::at, 6
std::basic_ifstream::open, 1
std::basic_string::rfind, 3
std::list::rend, 1
std::auto_ptr::operator=, 34
std::sort, 29
std::list::remove_if, 1
std::deque::begin, 5
std::multimap::multimap, 1
std::deque::pop_back, 3
std::_List_const_iterator::operator++, 29
std::map::rbegin, 1
std::_List_const_iterator::operator*, 31
std::reverse_iterator::reverse_iterator, 4
std::basic_string::append, 8
std::basic_string::find_last_not_of, 2
std::nth_element, 4
std::list::pop_front, 6
std::_Rb_tree_iterator::_Rb_tree_iterator, 11
std::auto_ptr::operator->, 302
std::list::list, 24
std::numeric_limits::min, 6
std::getline, 1
std::for_each, 27
std::basic_istream::read, 1
std::basic_string::replace, 1
std::type_info::operator==, 9
std::back_inserter, 2
std::pair::operator=, 35
std::map::map, 5
std::_List_const_iterator::operator->, 1
std::vector::swap, 13
std::invalid_argument::invalid_argument, 2
std::bind2nd, 1
std::_Rb_tree_iterator::operator!=, 45
std::map::begin, 17
std::_List_iterator::operator=, 23
std::pair::pair, 11
std::deque::deque, 3
std::basic_string::operator+=, 31
std::list::push_back, 38
std::auto_ptr::get, 82
std::operator>>, 2
std::deque::operator[], 10
std::set::lower_bound, 4
std::out_of_range::out_of_range, 1
std::swap, 46
std::vector::empty, 112
std::operator<<, 207
std::deque::empty, 12
std::set::empty, 13
std::stack::top, 9
std::copy, 3
std::basic_ostream::operator<<, 130
std::deque::push_back, 9
std::map::empty, 7
std::valarray::operator=, 5
std::basic_istringstream::basic_istringstream, 2
std::list::splice, 3
std::max_element, 1
std::mismatch, 1
std::stack::push, 5
std::map::erase, 16
std::accumulate, 2
std::vector::front, 12
std::list::clear, 13
std::find, 12
std::list::erase, 13
std::_Rb_tree_iterator::operator++, 20
std::_Bit_reference::operator _Bool, 4
std::list::begin, 87
std::operator>, 1
std::operator+, 24
std::_Rb_tree_iterator::operator->, 41
std::basic_ios::good, 1
std::multimap::insert, 6
std::map::end, 88
std::basic_string::begin, 11
std::reverse_iterator::operator*, 13
std::basic_string::operator[], 23
std::basic_string::end, 7
std::queue::front, 1
std::_Rb_tree_const_iterator::operator!=, 56
std::vector::begin, 527
std::basic_ofstream::basic_ofstream, 8
std::basic_string::operator=, 88
std::back_insert_iterator::back_insert_iterator, 1
std::bad_alloc::bad_alloc, 10
std::min, 109
std::basic_string::find, 23
std::lower_bound, 3
std::stack::empty, 6
std::queue::~queue, 2
std::vector::insert, 17
std::list::front, 1
std::advance, 1
std::_Deque_iterator::operator*, 1

STD class name, use count
std::numeric_limits, 39
std::valarray, 1
std::deque, 36
std::vector, 1714
std::type_info, 12
std::iterator, 4
std::invalid_argument, 2
std::list, 153
std::bad_alloc, 10
std::exception, 10
std::less, 3
std::queue, 9
std::multiset, 3
std::stack, 17
std::binary_function, 27
std::mem_fun_t, 1
std::unary_function, 44
std::back_insert_iterator, 4
std::multimap, 14
std::basic_string, 1
std::nothrow_t, 3
std::insert_iterator, 1
std::allocator, 1
std::map, 93
std::out_of_range, 1
std::forward_iterator_tag, 4
std::pair, 78
std::runtime_error, 4
std::greater, 1
std::auto_ptr, 268
std::set, 78
