total STD functions, total function uses, total STD classes, total class uses
436, 23797, 17, 1888

STD function name, use count
std::_Deque_iterator::operator=, 1
std::_Rb_tree_const_iterator::_Rb_tree_const_iterator, 1
std::set::insert, 171
std::basic_ifstream::basic_ifstream, 2
std::list::back, 10
std::multimap::equal_range, 13
std::basic_string::size, 183
std::_List_iterator::operator==, 16
std::basic_istream::getline, 7
std::basic_ios::bad, 1
std::basic_istream::peek, 18
std::set::operator=, 9
std::_Rb_tree_const_iterator::operator*, 413
std::basic_string::insert, 5
std::bitset::reset, 1
std::set::count, 3
std::type_info::name, 4
std::multimap::upper_bound, 53
std::_Bit_reference::operator=, 14
std::deque::clear, 3
std::basic_string::resize, 9
std::set::find, 77
std::basic_string::at, 9
std::fill, 1
std::find_if, 2
std::basic_istream::gcount, 1
std::_List_const_iterator::operator==, 5
std::_Rb_tree_iterator::operator=, 56
std::_Rb_tree_const_iterator::operator->, 656
std::multimap::clear, 21
std::vector::resize, 105
std::_List_iterator::operator->, 250
std::multimap::empty, 19
std::bitset::set, 1
std::queue::empty, 2
std::distance, 1
std::_List_const_iterator::operator--, 3
std::list::reverse, 1
std::_Rb_tree_const_iterator::operator==, 74
std::_Rb_tree_const_iterator::operator++, 430
std::vector::vector, 5
std::vector::push_back, 236
std::multimap::begin, 85
std::list::assign, 1
std::set::size, 71
std::set::end, 275
std::set::clear, 48
std::deque::size, 9
std::_Rb_tree_iterator::operator==, 76
std::multimap::size, 2
std::ceil, 2
std::basic_string::push_back, 2
std::multimap::rend, 1
std::basic_string::empty, 134
std::vector::~vector, 7
std::_Rb_tree_iterator::operator*, 28
std::queue::pop, 2
std::equal, 2
std::deque::front, 5
std::floor, 5
std::basic_string::basic_string, 158
std::basic_string::length, 98
std::map::operator[], 609
std::vector::erase, 32
std::basic_ios::fill, 2
std::multimap::count, 2
std::basic_string::clear, 2
std::list::size, 130
std::reverse_iterator::operator++, 2
std::set::erase, 101
std::multimap::operator=, 1
std::reverse_iterator::operator->, 3
std::basic_istringstream::str, 3
std::queue::push, 3
std::basic_istream::ignore, 10
std::lexicographical_compare, 2
std::transform, 14
std::basic_ostringstream::str, 134
std::operator==, 403
std::vector::operator=, 12
std::vector::reserve, 14
std::make_pair, 254
std::basic_ios::operator!, 2
std::basic_string::find_last_of, 5
std::reverse, 2
std::operator!=, 70
std::basic_ios::operator void *, 3
std::list::end, 814
std::vector::clear, 52
std::list::~list, 71
std::deque::pop_front, 4
std::basic_ostream::flush, 1
std::_Rb_tree_const_iterator::operator--, 1
std::deque::erase, 3
std::_List_const_iterator::operator=, 34
std::basic_string::erase, 5
std::numeric_limits::max, 6
std::map::size, 58
std::map::insert, 20
std::logic_error::logic_error, 2
std::deque::end, 10
std::basic_istream::get, 3
std::vector::size, 383
std::multimap::find, 6
std::numeric_limits::epsilon, 1
std::list::resize, 8
std::_List_iterator::operator*, 615
std::numeric_limits::infinity, 2
std::basic_ofstream::close, 1
std::bitset::test, 1
std::basic_stringstream::basic_stringstream, 1
std::vector::end, 199
std::_Rb_tree_const_iterator::operator=, 41
std::set::begin, 216
std::basic_stringstream::str, 36
std::max, 63
std::basic_ostream::write, 1
std::multimap::end, 89
std::list::sort, 29
std::list::pop_back, 5
std::basic_string::compare, 4
std::list::push_front, 10
std::list::empty, 278
std::vector::assign, 1
std::list::remove, 37
std::set::set, 2
std::_List_const_iterator::operator!=, 512
std::map::find, 236
std::basic_string::c_str, 1455
std::pow, 1
std::basic_ofstream::open, 1
std::basic_ios::eof, 7
std::numeric_limits::quiet_NaN, 2
std::list::rbegin, 3
std::vector::operator[], 808
std::_Deque_iterator::operator++, 11
std::list::operator=, 22
std::basic_string::find_first_not_of, 1
std::vector::back, 3
std::_List_iterator::operator!=, 320
std::map::operator=, 7
std::sqrt, 1
std::_List_iterator::operator++, 344
std::basic_ifstream::close, 3
std::basic_string::substr, 97
std::vector::capacity, 2
std::map::clear, 95
std::vector::at, 2
std::list::rend, 1
std::basic_string::rfind, 24
std::sort, 15
std::list::remove_if, 23
std::deque::begin, 12
std::multimap::lower_bound, 50
std::_List_const_iterator::operator++, 514
std::_List_const_iterator::operator*, 983
std::basic_string::append, 55
std::list::pop_front, 15
std::list::list, 6
std::basic_string::assign, 6
std::getline, 2
std::numeric_limits::min, 2
std::basic_istream::read, 1
std::basic_string::replace, 29
std::pair::operator=, 251
std::fabs, 4
std::_List_const_iterator::operator->, 166
std::vector::swap, 3
std::basic_istream::operator>>, 246
std::_Rb_tree_iterator::operator!=, 378
std::map::begin, 401
std::_List_iterator::operator=, 65
std::pair::pair, 23
std::basic_string::operator+=, 150
std::list::push_back, 289
std::deque::operator[], 4
std::operator>>, 76
std::vector::empty, 83
std::swap, 130
std::deque::empty, 7
std::operator<<, 819
std::set::empty, 54
std::multimap::erase, 19
std::queue::size, 1
std::copy, 6
std::deque::push_back, 4
std::multimap::rbegin, 2
std::basic_ostream::operator<<, 558
std::map::empty, 149
std::deque::push_front, 3
std::basic_istringstream::basic_istringstream, 58
std::map::erase, 66
std::list::clear, 97
std::basic_string::~basic_string, 6
std::vector::front, 4
std::find, 3
std::list::erase, 64
std::_Rb_tree_iterator::operator++, 338
std::_Bit_reference::operator _Bool, 2
std::list::begin, 863
std::operator+, 563
std::_Rb_tree_iterator::operator->, 792
std::basic_ios::good, 2
std::multimap::insert, 42
std::ios_base::width, 4
std::map::end, 601
std::basic_string::begin, 29
std::setfill, 2
std::reverse_iterator::operator*, 6
std::basic_string::operator[], 116
std::basic_string::end, 16
std::queue::front, 5
std::_Rb_tree_const_iterator::operator!=, 558
std::vector::begin, 225
std::basic_string::operator=, 647
std::min, 64
std::basic_string::find, 102
std::setw, 7
std::lower_bound, 1
std::vector::insert, 1
std::list::front, 48
std::_Deque_iterator::operator*, 36
std::advance, 36

STD class name, use count
std::numeric_limits, 15
std::deque, 7
std::vector, 372
std::bidirectional_iterator_tag, 8
std::list, 911
std::exception, 6
std::queue, 2
std::binary_function, 1
std::logic_error, 2
std::unary_function, 10
std::multimap, 36
std::bitset, 1
std::map, 236
std::pair, 80
std::forward_iterator_tag, 2
std::reverse_iterator, 4
std::set, 195
