total STD functions, total function uses, total STD classes, total class uses
313, 5567, 23, 1562

STD function name, use count
std::set::insert, 32
std::list::back, 1
std::multimap::equal_range, 9
std::basic_string::size, 42
std::map::lower_bound, 4
std::set::operator=, 1
std::_Rb_tree_const_iterator::operator*, 27
std::ios_base::precision, 8
std::basic_string::insert, 4
std::deque::back, 2
std::set::count, 14
std::vector::pop_back, 7
std::ios_base::unsetf, 1
std::_Bit_reference::operator=, 4
std::map::count, 69
std::fpos::operator long, 2
std::basic_string::resize, 3
std::basic_string::reserve, 17
std::basic_string::at, 1
std::set::rbegin, 1
std::_Rb_tree_iterator::operator=, 1
std::_Rb_tree_const_iterator::operator->, 32
std::multimap::clear, 1
std::_List_iterator::operator->, 1
std::vector::resize, 58
std::multimap::empty, 2
std::ios_base::failure::failure, 19
std::_Rb_tree_const_iterator::operator==, 8
std::deque::insert, 2
std::_Rb_tree_const_iterator::operator++, 26
std::vector::push_back, 258
std::vector::vector, 89
std::multimap::begin, 5
std::set::size, 10
std::set::end, 13
std::set::clear, 18
std::auto_ptr::release, 1
std::_Rb_tree_iterator::operator==, 11
std::basic_ios::copyfmt, 1
std::multimap::size, 2
std::basic_string::push_back, 4
std::runtime_error::runtime_error, 204
std::auto_ptr::auto_ptr, 1
std::multimap::rend, 2
std::basic_string::empty, 31
std::_Rb_tree_iterator::operator*, 30
std::operator|, 10
std::deque::front, 6
std::basic_string::basic_string, 95
std::basic_ios::imbue, 2
std::basic_string::length, 16
std::map::operator[], 125
std::list::insert, 1
std::vector::erase, 20
std::basic_ios::fill, 7
std::basic_string::clear, 13
std::list::size, 4
std::reverse_iterator::operator++, 4
std::set::erase, 12
std::operator<, 2
std::_Bit_const_iterator::operator++, 2
std::reverse_iterator::operator->, 1
std::basic_ostringstream::str, 9
std::operator==, 129
std::ctype::narrow, 1
std::make_pair, 63
std::vector::operator=, 50
std::vector::reserve, 28
std::basic_ios::operator!, 1
std::reverse, 3
std::operator!=, 36
std::list::end, 2
std::basic_ios::operator void *, 1
std::vector::clear, 48
std::deque::pop_front, 5
std::_Rb_tree_const_iterator::operator--, 1
std::deque::erase, 3
std::map::insert, 9
std::basic_string::erase, 2
std::deque::end, 6
std::numeric_limits::max, 29
std::map::size, 12
std::vector::size, 706
std::basic_istream::seekg, 2
std::basic_ofstream::close, 2
std::vector::end, 120
std::set::begin, 15
std::operator~, 1
std::basic_stringstream::str, 7
std::basic_string::find_first_of, 1
std::max, 27
std::__throw_out_of_range, 1
std::basic_ostream::write, 5
std::multimap::end, 2
std::vector::rend, 2
std::ctype::widen, 1
std::list::pop_back, 1
std::basic_string::compare, 2
std::vector::rbegin, 2
std::list::empty, 3
std::basic_ofstream::is_open, 2
std::vector::assign, 8
std::basic_istream::tellg, 2
std::_Bit_const_iterator::operator*, 2
std::map::find, 37
std::basic_string::c_str, 89
std::basic_ofstream::open, 2
std::basic_string::data, 4
std::basic_ios::eof, 4
std::ios_base::setf, 19
std::_Deque_iterator::operator++, 3
std::vector::operator[], 648
std::_List_iterator::operator!=, 1
std::basic_ifstream::is_open, 2
std::vector::back, 32
std::basic_string::find_first_not_of, 1
std::map::operator=, 1
std::set::rend, 1
std::_List_iterator::operator++, 1
std::basic_ifstream::close, 2
std::basic_string::substr, 38
std::vector::capacity, 1
std::map::clear, 22
std::vector::at, 52
std::basic_ifstream::open, 2
std::locale::locale, 2
std::ios_base::flags, 6
std::sort, 3
std::deque::begin, 7
std::map::rbegin, 1
std::basic_string::append, 7
std::list::pop_front, 1
std::auto_ptr::operator->, 5
std::list::list, 2
std::basic_string::assign, 2
std::getline, 12
std::numeric_limits::min, 10
std::basic_istream::read, 1
std::count, 1
std::pair::operator=, 3
std::vector::swap, 6
std::_Rb_tree_iterator::operator!=, 46
std::map::begin, 45
std::basic_string::operator+=, 211
std::list::push_back, 6
std::auto_ptr::get, 1
std::vector::empty, 54
std::swap, 14
std::deque::empty, 8
std::operator<<, 85
std::multimap::erase, 4
std::set::empty, 6
std::use_facet, 1
std::basic_ostream::operator<<, 29
std::multimap::rbegin, 2
std::deque::push_back, 10
std::set::value_comp, 2
std::map::empty, 7
std::basic_istringstream::basic_istringstream, 2
std::reverse_copy, 1
std::mismatch, 1
std::map::erase, 26
std::list::clear, 3
std::vector::front, 4
std::list::erase, 1
std::_Rb_tree_iterator::operator++, 41
std::list::begin, 1
std::_Bit_reference::operator _Bool, 4
std::operator>, 2
std::operator+, 556
std::_Rb_tree_iterator::operator->, 42
std::basic_ios::good, 2
std::multimap::insert, 12
std::map::end, 82
std::ios_base::width, 6
std::basic_string::begin, 4
std::setfill, 2
std::reverse_iterator::operator*, 9
std::basic_string::operator[], 23
std::operator&, 3
std::basic_string::end, 5
std::_Rb_tree_const_iterator::operator!=, 36
std::random_shuffle, 1
std::vector::begin, 119
std::basic_string::operator=, 176
std::min, 29
std::_Bit_const_iterator::operator+=, 3
std::setw, 2
std::basic_string::find, 11
std::list::front, 4
std::vector::insert, 32
std::advance, 4
std::_Deque_iterator::operator*, 5

STD class name, use count
std::numeric_limits, 39
std::deque, 13
std::vector, 734
std::bad_cast, 1
std::list, 45
std::bad_alloc, 1
std::ctype, 3
std::ios_base, 22
std::exception, 41
std::locale, 5
std::bad_exception, 1
std::multimap, 31
std::ios_base::failure, 22
std::basic_string, 8
std::allocator, 10
std::map, 196
std::out_of_range, 2
std::pair, 80
std::runtime_error, 212
std::auto_ptr, 1
std::char_traits, 2
std::basic_istream, 8
std::set, 85
