total STD functions, total function uses, total STD classes, total class uses
737, 30153, 42, 3488

STD function name, use count
std::tr1::__detail::operator!=, 118
std::_Deque_iterator::operator=, 29
std::sin, 10
std::less::less, 1
std::basic_ifstream::basic_ifstream, 1
std::_Bit_iterator::operator*, 2
std::set::operator=, 2
std::_Rb_tree_const_iterator::operator*, 130
std::ios_base::precision, 424
std::set::count, 3
std::priority_queue::pop, 1
std::type_info::name, 25
std::atan2, 1
std::deque::clear, 11
std::greater::greater, 1
std::_Deque_iterator::operator--, 6
std::operator^=, 6
std::set::~set, 1
std::_List_iterator::operator->, 46
std::condition_variable::notify_all, 11
std::tr1::_Hashtable::empty, 1
std::_List_iterator::_List_iterator, 2
std::pop_heap, 14
std::distance, 22
std::_Rb_tree_const_iterator::operator++, 63
std::deque::insert, 3
std::set::size, 30
std::set::end, 94
std::set::clear, 15
std::deque::size, 22
std::_Rb_tree_iterator::operator==, 31
std::reverse_iterator::base, 1
std::ceil, 8
std::basic_string::push_back, 2
std::runtime_error::runtime_error, 3
std::vector::~vector, 11
std::_Rb_tree_iterator::operator*, 77
std::operator|, 1
std::basic_string::basic_string, 301
std::binary_function::binary_function, 2
std::basic_string::length, 31
std::hash::operator(), 2
std::unique_ptr::reset, 8
std::list::insert, 3
std::vector::erase, 39
std::unique_lock::lock, 1
std::remove_if, 2
std::remove, 9
std::__is_heap, 5
std::list::size, 33
std::set::erase, 20
std::auto_ptr::reset, 1
std::operator<, 664
std::tr1::__detail::_Hashtable_iterator::operator->, 7
std::lexicographical_compare, 1
std::basic_ostringstream::str, 472
std::vector::reserve, 146
std::basic_ios::operator!, 2
std::operator>=, 56
std::mutex::lock, 3
std::operator!=, 2104
std::list::end, 118
std::make_heap, 10
std::basic_ostream::flush, 1
std::fmod, 3
std::map::insert, 14
std::deque::end, 52
std::_List_iterator::operator*, 138
std::function::operator=, 1
std::tr1::__detail::_Hashtable_const_iterator::operator*, 108
std::_Deque_iterator::operator+, 2
std::tr1::__detail::_Map_base::operator[], 150
std::unique_ptr::operator->, 6
std::basic_stringstream::basic_stringstream, 1
std::set::begin, 84
std::_Rb_tree_const_iterator::operator=, 22
std::basic_stringstream::str, 14
std::operator<=, 9
std::vector::rend, 5
std::list::sort, 2
std::stack::pop, 5
std::vector::rbegin, 5
std::basic_ofstream::is_open, 6
std::list::remove, 6
std::basic_istream::tellg, 1
std::pow, 3
std::basic_string::data, 2
std::priority_queue::empty, 1
std::vector::back, 82
std::_List_iterator::operator!=, 94
std::sqrt, 31
std::tr1::__detail::_Hashtable_const_iterator::operator->, 12
std::_List_iterator::operator++, 94
std::basic_string::substr, 20
std::tr1::_Hashtable::erase, 31
std::vector::at, 21
std::basic_ifstream::open, 1
std::basic_string::rfind, 1
std::sort, 73
std::abs, 36
std::function::operator _Bool, 2
std::_List_const_iterator::operator++, 17
std::cos, 10
std::basic_string::append, 2
std::multiset::size, 6
std::nth_element, 2
std::list::pop_front, 3
std::numeric_limits::min, 1
std::for_each, 4
std::basic_string::replace, 1
std::condition_variable::notify_one, 2
std::basic_ios::clear, 1
std::map::map, 1
std::vector::swap, 20
std::bind2nd, 3
std::priority_queue::top, 1
std::_Rb_tree_iterator::operator!=, 89
std::basic_istream::operator>>, 42
std::map::begin, 83
std::_List_iterator::operator=, 41
std::pair::pair, 21
std::tr1::__detail::operator==, 28
std::list::push_back, 84
std::operator>>, 3
std::vector::empty, 81
std::swap, 492
std::deque::empty, 21
std::operator<<, 3214
std::set::empty, 4
std::multiset::empty, 1
std::stack::top, 5
std::tr1::_Hashtable::end, 154
std::copy, 68
std::deque::push_back, 23
std::basic_ostream::operator<<, 1724
std::map::empty, 7
std::tr1::__detail::_Hashtable_const_iterator::operator++, 35
std::deque::max_size, 1
std::accumulate, 1
std::list::clear, 10
std::vector::front, 34
std::find, 35
std::list::erase, 16
std::_Rb_tree_iterator::operator++, 66
std::endl, 1
std::list::begin, 110
std::operator+, 2270
std::_Rb_tree_iterator::operator->, 78
std::operator>, 244
std::basic_ios::good, 1
std::ios_base::width, 424
std::operator&, 18
std::basic_string::operator[], 14
std::_Bit_iterator::operator++, 2
std::_Rb_tree_const_iterator::operator!=, 83
std::vector::begin, 987
std::bind1st, 1
std::basic_ofstream::basic_ofstream, 3
std::unique_lock::unique_lock, 46
std::tr1::__detail::_Hashtable_iterator::operator=, 13
std::basic_string::operator=, 262
std::function::operator(), 1
std::min, 193
std::setw, 27
std::unique_lock::unlock, 5
std::stack::empty, 5
std::list::front, 11
std::vector::insert, 35
std::set::insert, 87
std::list::back, 37
std::basic_string::size, 33
std::_List_iterator::operator==, 3
std::basic_string::insert, 1
std::deque::back, 5
std::vector::pop_back, 46
std::_Bit_reference::operator=, 34
std::fpos::operator long, 2
std::basic_ostream::tellp, 1
std::basic_string::reserve, 3
std::ptr_fun, 2
std::set::find, 25
std::tr1::__detail::_Hashtable_const_iterator::operator=, 4
std::deque::operator=, 6
std::find_if, 6
std::fill, 5
std::set_difference, 2
std::hypot, 8
std::_Rb_tree_iterator::operator=, 27
std::_Rb_tree_const_iterator::operator->, 9
std::vector::resize, 173
std::queue::empty, 3
std::_Rb_tree_const_iterator::operator==, 11
std::vector::push_back, 943
std::vector::vector, 106
std::operator|=, 3
std::multiset::insert, 2
std::auto_ptr::auto_ptr, 6
std::basic_string::empty, 27
std::reverse_iterator::operator+, 2
std::basic_istream::putback, 5
std::equal_to::equal_to, 1
std::deque::front, 5
std::queue::pop, 3
std::inserter, 1
std::map::operator[], 338
std::stable_partition, 1
std::basic_ostringstream::basic_ostringstream, 7
std::tr1::_Hashtable::size, 34
std::queue::push, 6
std::setprecision, 6
std::transform, 2
std::operator==, 1434
std::vector::operator=, 73
std::make_pair, 133
std::basic_string::find_last_of, 3
std::reverse, 4
std::basic_ios::operator void *, 1
std::tr1::_Hashtable::clear, 7
std::unique_ptr::operator*, 16
std::vector::clear, 327
std::multiset::begin, 5
std::list::~list, 1
std::deque::pop_front, 3
std::tr1::__detail::_Hashtable_iterator::_Hashtable_iterator, 1
std::hash::hash, 2
std::condition_variable::wait, 3
std::deque::erase, 5
std::map::size, 19
std::numeric_limits::max, 14
std::basic_string::erase, 3
std::vector::size, 1260
std::basic_istream::get, 6
std::bind, 27
std::numeric_limits::epsilon, 7
std::iterator::iterator, 6
std::numeric_limits::infinity, 3
std::basic_ofstream::close, 5
std::deque::at, 1
std::set::swap, 3
std::map::~map, 4
std::vector::end, 977
std::push_heap, 8
std::max, 221
std::basic_ostream::write, 122
std::tan, 1
std::basic_string::compare, 1
std::list::push_front, 2
std::list::empty, 5
std::mutex::unlock, 5
std::partition, 1
std::set::set, 2
std::map::find, 72
std::_List_const_iterator::operator!=, 17
std::basic_string::c_str, 287
std::basic_ofstream::open, 5
std::basic_ios::eof, 1
std::mutex::try_lock, 2
std::numeric_limits::quiet_NaN, 26
std::_Deque_iterator::operator++, 36
std::vector::operator[], 3322
std::list::operator=, 1
std::map::operator=, 3
std::tr1::_Hashtable::insert, 27
std::map::clear, 15
std::unordered_map::unordered_map, 3
std::tr1::_Hashtable::find, 82
std::deque::begin, 57
std::log, 2
std::deque::pop_back, 2
std::tr1::__detail::_Hashtable_iterator::operator++, 36
std::vector::data, 2
std::_List_const_iterator::operator*, 41
std::min_element, 13
std::set_intersection, 6
std::multiset::end, 2
std::operator-, 551
std::reverse_iterator::operator-, 3
std::_Rb_tree_iterator::_Rb_tree_iterator, 2
std::auto_ptr::operator->, 2
std::list::list, 3
std::getline, 1
std::basic_istream::read, 91
std::type_info::operator==, 41
std::pair::operator=, 36
std::back_inserter, 41
std::fabs, 204
std::_List_const_iterator::operator->, 2
std::not1, 2
std::_List_iterator::operator--, 1
std::tr1::_Hashtable::begin, 87
std::basic_string::operator+=, 46
std::auto_ptr::get, 14
std::deque::operator[], 31
std::out_of_range::out_of_range, 1
std::deque::push_front, 5
std::basic_istringstream::basic_istringstream, 2
std::basic_string::rbegin, 1
std::max_element, 6
std::reverse_copy, 1
std::tr1::__detail::_Hashtable_iterator::operator*, 181
std::stack::push, 6
std::map::erase, 22
std::_Bit_reference::operator _Bool, 33
std::not_equal_to::not_equal_to, 2
std::basic_string::begin, 4
std::map::end, 147
std::setfill, 3
std::basic_string::end, 5
std::queue::front, 3
std::basic_string::find, 15
std::basic_string::rend, 1
std::_Deque_iterator::operator*, 46

STD class name, use count
std::numeric_limits, 61
std::deque, 27
std::mutex, 1
std::random_access_iterator_tag, 8
std::bidirectional_iterator_tag, 2
std::basic_ostream, 2
std::list, 273
std::exception, 15
std::less, 2
std::queue, 3
std::tuple_element, 2
std::binary_function, 2
std::unary_function, 3
std::input_iterator_tag, 3
std::tr1::unordered_set, 1
std::tr1::gtest_internal::TupleElement, 1
std::insert_iterator, 1
std::iterator_traits, 21
std::map, 114
std::tr1::gtest_internal::SameSizeTuplePrefixComparator, 2
std::pair, 173
std::runtime_error, 4
std::condition_variable, 1
std::auto_ptr, 7
std::vector, 2527
std::iterator, 9
std::function, 1
std::output_iterator_tag, 1
std::ios_base, 3
std::tuple_size, 2
std::unique_lock, 1
std::tr1::unordered_map, 1
std::multiset, 1
std::tr1::tuple_size, 3
std::stack, 4
std::tuple, 47
std::tr1::gtest_internal::Get, 2
std::allocator, 3
std::priority_queue, 2
std::forward_iterator_tag, 2
std::unique_ptr, 1
std::set, 149
