total STD functions, total function uses, total STD classes, total class uses
400, 5066, 13, 487

STD function name, use count
std::less::less, 2
std::set::insert, 21
std::basic_ifstream::basic_ifstream, 3
std::list::back, 1
std::multimap::equal_range, 5
std::basic_string::size, 100
std::_List_iterator::operator==, 1
std::basic_istream::peek, 1
std::basic_ios::bad, 2
std::_Rb_tree_const_iterator::operator*, 32
std::basic_string::insert, 2
std::priority_queue::pop, 3
std::vector::pop_back, 11
std::greater::greater, 2
std::ptr_fun, 2
std::set::find, 3
std::operator^=, 27
std::fill, 2
std::find_if, 2
std::_List_const_iterator::operator==, 1
std::basic_istream::gcount, 1
std::__detail::operator!=, 1
std::_Rb_tree_iterator::operator=, 11
std::_Rb_tree_const_iterator::operator->, 96
std::_List_iterator::operator->, 6
std::vector::resize, 5
std::set::~set, 7
std::queue::empty, 7
std::distance, 1
std::_List_const_iterator::operator--, 2
std::_Rb_tree_const_iterator::operator==, 13
std::_Rb_tree_const_iterator::operator++, 44
std::vector::push_back, 105
std::vector::vector, 25
std::operator|=, 3
std::set::size, 7
std::set::end, 24
std::set::clear, 1
std::basic_istream::sync, 1
std::_Rb_tree_iterator::operator==, 22
std::reverse_iterator::base, 1
std::set_new_handler, 1
std::basic_string::push_back, 3
std::basic_string::empty, 47
std::_Rb_tree_iterator::operator*, 9
std::vector::~vector, 6
std::equal_to::equal_to, 4
std::queue::pop, 4
std::operator|, 7
std::basic_string::basic_string, 82
std::unordered_set::end, 1
std::basic_string::length, 21
std::priority_queue::push, 2
std::map::operator[], 48
std::vector::erase, 9
std::list::insert, 10
std::remove, 2
std::list::size, 26
std::basic_string::clear, 6
std::reverse_iterator::operator++, 1
std::set::erase, 5
std::operator<, 22
std::queue::push, 3
std::transform, 2
std::operator==, 151
std::vector::reserve, 2
std::make_pair, 17
std::vector::operator=, 10
std::basic_string::find_last_of, 1
std::basic_ios::operator!, 3
std::fill_n, 2
std::reverse, 2
std::operator!=, 219
std::basic_ios::operator void *, 8
std::list::end, 126
std::vector::clear, 21
std::list::~list, 2
std::__detail::_Node_iterator::operator*, 1
std::_List_const_iterator::operator=, 5
std::numeric_limits::max, 2
std::basic_string::erase, 12
std::map::size, 12
std::map::insert, 21
std::vector::size, 222
std::_List_iterator::operator*, 105
std::priority_queue::size, 4
std::basic_stringstream::basic_stringstream, 2
std::vector::end, 38
std::_Rb_tree_const_iterator::operator=, 8
std::set::begin, 27
std::basic_string::find_first_of, 1
std::basic_ifstream::~basic_ifstream, 5
std::max, 10
std::char_traits::eof, 1
std::list::sort, 3
std::list::pop_back, 1
std::basic_string::compare, 5
std::list::empty, 6
std::unordered_set::insert, 1
std::list::remove, 4
std::insert_iterator::insert_iterator, 1
std::unordered_set::begin, 1
std::set::set, 4
std::_List_const_iterator::operator!=, 40
std::map::find, 65
std::basic_string::c_str, 472
std::basic_string::data, 15
std::basic_ios::eof, 1
std::list::rbegin, 1
std::vector::operator[], 354
std::_List_iterator::operator!=, 75
std::vector::back, 21
std::basic_ifstream::is_open, 6
std::_List_iterator::operator++, 75
std::less_equal::less_equal, 2
std::basic_ifstream::close, 4
std::basic_string::substr, 44
std::basic_ios::fail, 3
std::map::clear, 11
std::type_info::operator!=, 5
std::list::rend, 1
std::basic_string::rfind, 2
std::sort, 4
std::log, 2
std::unique, 1
std::strstr, 1
std::_List_const_iterator::operator++, 40
std::_List_const_iterator::operator*, 65
std::basic_string::append, 23
std::unordered_set::size, 1
std::operator-, 7
std::list::pop_front, 5
std::list::list, 9
std::basic_string::assign, 12
std::getline, 9
std::for_each, 1
std::basic_string::replace, 2
std::basic_istream::read, 3
std::pair::operator=, 10
std::basic_ios::clear, 2
std::map::map, 5
std::_List_const_iterator::operator->, 4
std::not1, 2
std::_List_iterator::operator--, 4
std::priority_queue::top, 3
std::basic_istream::operator>>, 1
std::_Rb_tree_iterator::operator!=, 62
std::map::begin, 59
std::_List_iterator::operator=, 14
std::pair::pair, 10
std::basic_string::operator+=, 104
std::list::push_back, 57
std::operator>>, 9
std::vector::empty, 15
std::operator<<, 38
std::multimap::erase, 2
std::set::empty, 7
std::copy, 1
std::map::empty, 3
std::basic_string::rbegin, 2
std::basic_istringstream::basic_istringstream, 3
std::move, 1
std::greater_equal::greater_equal, 2
std::map::erase, 16
std::vector::front, 1
std::basic_string::~basic_string, 1
std::list::clear, 16
std::find, 1
std::list::erase, 6
std::_Rb_tree_iterator::operator++, 35
std::list::begin, 124
std::operator>, 17
std::operator+, 182
std::_Rb_tree_iterator::operator->, 95
std::multimap::insert, 2
std::map::end, 121
std::basic_string::begin, 10
std::reverse_iterator::operator*, 2
std::basic_string::operator[], 72
std::operator&, 78
std::basic_string::end, 9
std::_Rb_tree_const_iterator::operator!=, 55
std::queue::front, 5
std::vector::begin, 46
std::basic_string::operator=, 299
std::min, 25
std::basic_string::find, 33
std::basic_string::rend, 1
std::vector::insert, 12
std::list::front, 7

STD class name, use count
std::numeric_limits, 4
std::vector, 241
std::multimap, 2
std::list, 86
std::ios_base, 2
std::iterator_traits, 1
std::map, 64
std::priority_queue, 2
std::queue, 3
std::unordered_set, 1
std::pair, 53
std::greater, 1
std::set, 27
