total STD functions, total function uses, total STD classes, total class uses
14, 41, 6, 35

STD function name, use count
std::basic_string::c_str, 3
std::initializer_list::end, 1
std::bad_alloc::bad_alloc, 1
std::numeric_limits::max, 5
std::logic_error::logic_error, 10
std::operator==, 11
std::thread::join, 2
std::initializer_list::begin, 1
std::numeric_limits::min, 2
std::max, 2
std::basic_istream::read, 1
std::basic_ostream::write, 1
std::basic_istream::gcount, 1

STD class name, use count
std::numeric_limits, 7
std::exception, 1
std::unordered_map, 1
std::initializer_list, 14
std::logic_error, 10
std::thread, 2
