total STD functions, total function uses, total STD classes, total class uses
1017, 131873, 28, 13148

STD function name, use count
std::_Deque_iterator::operator=, 3
std::tr1::__detail::operator!=, 120
std::tr1::weak_ptr::operator=, 2
std::basic_ifstream::basic_ifstream, 5
std::multiset::find, 2
std::_Deque_iterator::operator->, 5
std::map::lower_bound, 42
std::set::operator=, 29
std::map::rend, 29
std::_Rb_tree_const_iterator::operator*, 897
std::ios_base::precision, 10
std::set::count, 281
std::type_info::name, 3
std::multimap::upper_bound, 3
std::deque::clear, 37
std::basic_string::resize, 8
std::tr1::__shared_ptr::operator->, 3120
std::multimap::clear, 8
std::_List_iterator::operator->, 249
std::tr1::_Hashtable::empty, 24
std::_List_iterator::_List_iterator, 3
std::_Rb_tree_const_iterator::operator++, 748
std::basic_streambuf::gptr, 4
std::tr1::__shared_ptr::reset, 56
std::multimap::begin, 33
std::set::size, 160
std::set::end, 559
std::set::clear, 112
std::deque::size, 13
std::_Rb_tree_iterator::operator==, 202
std::runtime_error::runtime_error, 7
std::basic_string::push_back, 72
std::multimap::rend, 5
std::_Rb_tree_iterator::operator*, 45
std::vector::~vector, 2
std::operator|, 13
std::basic_string::basic_string, 2770
std::basic_string::length, 406
std::vector::erase, 38
std::list::insert, 11
std::tr1::operator<<, 21
std::remove, 1
std::basic_ios::fill, 11
std::tr1::__shared_ptr::get, 78
std::list::size, 127
std::set::erase, 244
std::auto_ptr::reset, 5
std::operator<, 622
std::reverse_iterator::operator->, 234
std::tr1::__detail::_Hashtable_iterator::operator->, 189
std::basic_ostringstream::str, 372
std::vector::reserve, 35
std::basic_ios::operator!, 2
std::fill_n, 2
std::operator>=, 264
std::operator!=, 6966
std::list::end, 606
std::basic_string::swap, 5
std::basic_ostream::flush, 11
std::_Rb_tree_const_iterator::operator--, 6
std::_List_const_iterator::operator=, 14
std::deque::end, 12
std::map::insert, 140
std::_List_iterator::operator*, 428
std::tr1::__detail::_Hashtable_const_iterator::operator*, 2
std::tr1::__detail::_Map_base::operator[], 197
std::basic_stringstream::basic_stringstream, 8
std::_Rb_tree_const_iterator::operator=, 116
std::set::begin, 519
std::basic_stringstream::str, 304
std::pair::~pair, 1
std::operator<=, 384
std::vector::rend, 21
std::vector::rbegin, 23
std::basic_ofstream::is_open, 14
std::list::remove, 1
std::multiset::erase, 2
std::pow, 1
std::basic_string::data, 10
std::basic_streambuf::setp, 2
std::list::rbegin, 42
std::basic_ifstream::is_open, 8
std::basic_string::find_first_not_of, 4
std::_List_iterator::operator!=, 388
std::vector::back, 65
std::set::rend, 6
std::basic_ostream::seekp, 1
std::sqrt, 4
std::list::swap, 35
std::_List_iterator::operator++, 423
std::tr1::__detail::_Hashtable_const_iterator::operator->, 171
std::prev_permutation, 2
std::basic_ifstream::close, 4
std::basic_string::substr, 189
std::tr1::_Hashtable::erase, 52
std::basic_ifstream::open, 6
std::map::at, 1
std::basic_string::rfind, 8
std::ios_base::flags, 2
std::sort, 2
std::tr1::operator!=, 6
std::abs, 4
std::multimap::lower_bound, 2
std::_List_const_iterator::operator++, 128
std::basic_string::find_last_not_of, 3
std::basic_string::append, 342
std::multiset::size, 1
std::list::pop_front, 185
std::basic_string::assign, 38
std::basic_string::replace, 1
std::count, 1
std::basic_ios::clear, 16
std::map::map, 98
std::includes, 6
std::vector::swap, 43
std::basic_istream::operator>>, 16
std::_Rb_tree_iterator::operator!=, 1065
std::map::begin, 1288
std::_List_iterator::operator=, 81
std::pair::pair, 167
std::tr1::__detail::operator==, 28
std::deque::deque, 1
std::tr1::_Hashtable::count, 112
std::list::push_back, 1251
std::operator>>, 35
std::set::lower_bound, 14
std::swap, 13
std::vector::empty, 146
std::operator<<, 37031
std::deque::empty, 40
std::set::empty, 216
std::multiset::empty, 1
std::char_traits::not_eof, 1
std::tr1::_Hashtable::end, 149
std::copy, 5
std::log10, 1
std::multimap::rbegin, 5
std::basic_ostream::operator<<, 17009
std::deque::push_back, 137
std::map::empty, 316
std::tr1::__detail::_Hashtable_const_iterator::operator++, 39
std::reverse_iterator::operator--, 1
std::accumulate, 1
std::vector::front, 9
std::list::clear, 100
std::find, 16
std::list::erase, 40
std::_Rb_tree_iterator::operator++, 922
std::list::begin, 604
std::tr1::shared_ptr::operator=, 145
std::operator>, 814
std::_Rb_tree_iterator::operator->, 2723
std::operator+, 2341
std::basic_ios::good, 2
std::multimap::insert, 44
std::operator&, 93
std::basic_string::operator[], 158
std::_Rb_tree_const_iterator::operator!=, 836
std::vector::begin, 630
std::tr1::__detail::_Hashtable_iterator::operator=, 10
std::basic_ofstream::basic_ofstream, 10
std::basic_string::operator=, 2918
std::min, 24
std::setw, 66
std::basic_streambuf::setg, 4
std::vector::insert, 25
std::list::front, 265
std::deque::swap, 2
std::_Rb_tree_const_iterator::_Rb_tree_const_iterator, 2
std::set::insert, 1081
std::list::back, 564
std::_Rb_tree_iterator::operator--, 21
std::multimap::equal_range, 1
std::basic_string::size, 392
std::_List_iterator::operator==, 29
std::basic_istream::peek, 2
std::basic_string::insert, 2
std::deque::back, 3
std::vector::pop_back, 38
std::ios_base::unsetf, 6
std::_Bit_reference::operator=, 1
std::map::count, 461
std::basic_string::reserve, 2
std::set::find, 31
std::tr1::__detail::_Hashtable_const_iterator::operator=, 2
std::basic_string::at, 2
std::set::rbegin, 13
std::find_if, 1
std::_List_const_iterator::operator==, 7
std::set_difference, 3
std::_Rb_tree_iterator::operator=, 245
std::tr1::unordered_set::unordered_set, 2
std::_Rb_tree_const_iterator::operator->, 1110
std::vector::resize, 87
std::multimap::empty, 10
std::queue::empty, 2
std::_List_const_iterator::operator--, 4
std::_Rb_tree_const_iterator::operator==, 91
std::map::swap, 33
std::vector::push_back, 545
std::vector::vector, 181
std::multimap::size, 8
std::multiset::insert, 3
std::auto_ptr::auto_ptr, 8
std::basic_string::empty, 1064
std::deque::front, 17
std::queue::pop, 1
std::inserter, 10
std::map::operator[], 3169
std::replace, 2
std::tr1::operator==, 9
std::basic_ostringstream::basic_ostringstream, 1
std::basic_string::clear, 75
std::reverse_iterator::operator++, 76
std::queue::push, 1
std::tr1::_Hashtable::size, 43
std::basic_istream::ignore, 2
std::setprecision, 13
std::transform, 2
std::operator==, 4904
std::make_pair, 329
std::vector::operator=, 88
std::basic_string::find_last_of, 6
std::reverse, 39
std::tr1::_Hashtable::clear, 26
std::basic_ios::operator void *, 15
std::vector::clear, 119
std::multiset::begin, 2
std::tr1::shared_ptr::shared_ptr, 211
std::list::~list, 2
std::deque::pop_front, 16
std::tr1::hash::hash, 2
std::deque::erase, 1
std::set::upper_bound, 5
std::numeric_limits::max, 1
std::map::size, 364
std::basic_string::erase, 3
std::basic_streambuf::pptr, 6
std::vector::size, 777
std::multimap::find, 11
std::basic_istream::seekg, 1
std::tr1::weak_ptr::lock, 8
std::numeric_limits::infinity, 1
std::basic_ofstream::close, 13
std::set::swap, 11
std::vector::end, 669
std::map::~map, 81
std::basic_string::find_first_of, 6
std::basic_ifstream::~basic_ifstream, 2
std::max, 5
std::char_traits::eof, 2
std::basic_ostream::write, 7
std::multimap::end, 39
std::list::pop_back, 11
std::basic_string::compare, 238
std::list::empty, 282
std::list::push_front, 38
std::vector::assign, 3
std::domain_error::domain_error, 2
std::set::set, 55
std::map::find, 603
std::_List_const_iterator::operator!=, 118
std::basic_string::c_str, 1767
std::basic_ofstream::open, 6
std::basic_ios::eof, 8
std::reverse_iterator::operator=, 11
std::ios_base::setf, 11
std::vector::operator[], 1644
std::list::operator=, 29
std::basic_ostream::basic_ostream, 8881
std::_Deque_iterator::operator++, 10
std::map::operator=, 67
std::tr1::_Hashtable::insert, 17
std::basic_ios::fail, 3
std::map::clear, 206
std::tr1::hash::operator(), 7
std::tr1::_Hashtable::find, 51
std::list::rend, 23
std::deque::begin, 11
std::tr1::__shared_ptr::operator*, 137
std::deque::pop_back, 1
std::tr1::__detail::_Hashtable_iterator::operator++, 65
std::map::rbegin, 84
std::_List_const_iterator::operator*, 66
std::reverse_iterator::reverse_iterator, 1
std::set_intersection, 6
std::multiset::end, 1
std::operator-, 122
std::_Rb_tree_iterator::_Rb_tree_iterator, 2
std::auto_ptr::operator->, 36
std::list::list, 12
std::getline, 59
std::basic_istream::read, 8
std::back_inserter, 2
std::pair::operator=, 54
std::_List_const_iterator::operator->, 215
std::_List_iterator::operator--, 9
std::tr1::_Hashtable::begin, 107
std::tr1::__shared_ptr::use_count, 1
std::basic_string::operator+=, 208
std::auto_ptr::get, 18
std::multimap::erase, 19
std::map::upper_bound, 16
std::basic_istringstream::basic_istringstream, 4
std::basic_string::rbegin, 3
std::list::splice, 44
std::tr1::__shared_ptr::operator type-parameter-0-0 *__shared_ptr<_Tp, _Lp>::*, 312
std::tr1::__detail::_Hashtable_iterator::operator*, 2
std::map::erase, 463
std::basic_string::~basic_string, 9
std::tr1::static_pointer_cast, 1
std::_Bit_reference::operator _Bool, 2
std::map::end, 1684
std::basic_string::begin, 36
std::setfill, 10
std::reverse_iterator::operator*, 77
std::basic_string::end, 72
std::queue::front, 1
std::random_shuffle, 2
std::list::merge, 2
std::bad_alloc::bad_alloc, 5
std::basic_string::find, 133
std::basic_string::rend, 2
std::tr1::__shared_ptr::swap, 3
std::_Deque_iterator::operator*, 12

STD class name, use count
std::numeric_limits, 3
std::vector, 2425
std::deque, 84
std::iterator, 7
std::tr1::hash, 11
std::list, 2550
std::ios_base, 9
std::tr1::shared_ptr, 167
std::exception, 10
std::tr1::unordered_map, 227
std::queue, 2
std::multiset, 9
std::tr1::unordered_multimap, 2
std::input_iterator_tag, 1
std::tr1::unordered_set, 11
std::multimap, 114
std::tr1::weak_ptr, 4
std::basic_string, 1
std::map, 4475
std::forward_iterator_tag, 6
std::pair, 818
std::runtime_error, 14
std::auto_ptr, 31
std::basic_streambuf, 1
std::char_traits, 2
std::domain_error, 2
std::set, 2160
std::basic_ostringstream, 2
