total STD functions, total function uses, total STD classes, total class uses
1229, 288058, 38, 36121

STD function name, use count
std::multiset::rbegin, 3
std::_Deque_iterator::operator=, 25
std::deque::rbegin, 8
std::sin, 1
std::less::less, 2
std::queue::operator=, 11
std::basic_ifstream::basic_ifstream, 11
std::setiosflags, 1
std::multiset::find, 9
std::_Deque_iterator::operator->, 102
std::basic_istream::getline, 3
std::_Bit_iterator::operator*, 8
std::map::rend, 15
std::map::lower_bound, 35
std::set::operator=, 152
std::_Rb_tree_const_iterator::operator*, 1230
std::bitset::reset, 17
std::set::count, 255
std::priority_queue::pop, 12
std::multimap::upper_bound, 8
std::deque::clear, 89
std::bitset::operator<<=, 1
std::basic_string::resize, 209
std::greater::greater, 15
std::multimap::clear, 6
std::set::~set, 4
std::_List_iterator::operator->, 356
std::multiset::clear, 2
std::pop_heap, 7
std::_List_iterator::_List_iterator, 18
std::bitset::set, 22
std::distance, 15
std::deque::insert, 18
std::_Rb_tree_const_iterator::operator++, 1972
std::multimap::begin, 49
std::set::end, 1546
std::set::size, 317
std::bitset::operator~, 5
std::set::clear, 421
std::deque::size, 278
std::_Rb_tree_iterator::operator==, 1037
std::reverse_iterator::base, 5
std::ceil, 30
std::set_new_handler, 1
std::stable_sort, 14
std::basic_string::push_back, 457
std::multimap::rend, 1
std::equal_range, 1
std::_Rb_tree_iterator::operator*, 242
std::vector::~vector, 17
std::operator|, 6
std::floor, 16
std::basic_string::basic_string, 7582
std::basic_string::length, 1781
std::priority_queue::push, 9
std::list::insert, 23
std::vector::erase, 496
std::remove_if, 23
std::remove, 24
std::basic_ios::fill, 2
std::basic_string::copy, 5
std::list::size, 216
std::set::erase, 562
std::operator<, 161
std::reverse_iterator::operator->, 144
std::lexicographical_compare, 1
std::basic_ostringstream::str, 169
std::initializer_list::begin, 7
std::vector::reserve, 240
std::basic_ios::operator!, 5
std::operator>=, 23
std::fill_n, 11
std::bitset::reference::operator=, 44
std::operator!=, 1553
std::deque::resize, 9
std::generate, 3
std::list::end, 758
std::make_heap, 7
std::basic_string::swap, 101
std::basic_ostream::flush, 11
std::_Rb_tree_const_iterator::operator--, 17
std::_List_const_iterator::operator=, 29
std::map::insert, 627
std::deque::end, 214
std::bitset::bitset, 6
std::deque::rend, 7
std::_List_iterator::operator*, 276
std::_Bit_iterator::operator+, 5
std::replace_if, 3
std::_Deque_iterator::operator+, 24
std::priority_queue::size, 6
std::basic_stringstream::basic_stringstream, 3
std::_Rb_tree_const_iterator::operator=, 184
std::set::begin, 1158
std::multiset::operator=, 3
std::basic_stringstream::str, 67
std::operator<=, 2
std::char_traits::compare, 1
std::divides::divides, 2
std::bitset::none, 8
std::vector::rend, 82
std::list::sort, 29
std::__atomic_base::fetch_add, 4
std::stack::pop, 38
std::vector::rbegin, 89
std::list::remove, 33
std::rotate, 16
std::multimap::swap, 2
std::ios_base::sync_with_stdio, 1
std::multiset::erase, 15
std::__atomic_base::store, 6
std::unordered_map::end, 1
std::pow, 9
std::search, 12
std::basic_string::data, 849
std::list::rbegin, 25
std::priority_queue::empty, 24
std::basic_ifstream::is_open, 4
std::basic_string::find_first_not_of, 51
std::vector::back, 831
std::_List_iterator::operator!=, 344
std::set::rend, 5
std::_List_const_iterator::_List_const_iterator, 1
std::sqrt, 16
std::list::swap, 15
std::less_equal::less_equal, 1
std::_List_iterator::operator++, 292
std::set_symmetric_difference, 2
std::basic_ifstream::close, 7
std::basic_string::substr, 1173
std::_Bit_iterator_base::operator!=, 1
std::vector::at, 293
std::_Deque_iterator::operator[], 26
std::basic_ifstream::open, 1
std::ios_base::flags, 3
std::map::at, 8
std::basic_string::rfind, 86
std::sort, 307
std::list::remove_if, 2
std::abs, 151
std::strstr, 3
std::multimap::lower_bound, 11
std::adjacent_find, 5
std::_List_const_iterator::operator++, 297
std::_Bit_iterator_base::operator==, 2
std::cos, 2
std::basic_string::find_last_not_of, 16
std::multiset::size, 10
std::basic_string::append, 2337
std::nth_element, 1
std::list::pop_front, 157
std::basic_string::assign, 426
std::numeric_limits::min, 45
std::for_each, 34
std::basic_string::replace, 66
std::count, 18
std::basic_ios::clear, 4
std::map::map, 86
std::includes, 4
std::vector::swap, 282
std::initializer_list::end, 7
std::bind2nd, 24
std::basic_istream::operator>>, 13
std::priority_queue::top, 26
std::_Rb_tree_iterator::operator!=, 1994
std::map::begin, 1985
std::set_union, 2
std::_List_iterator::operator=, 95
std::pair::pair, 297
std::queue::queue, 11
std::deque::deque, 8
std::list::push_back, 548
std::operator>>, 9
std::set::lower_bound, 8
std::swap, 224
std::vector::empty, 2238
std::operator<<, 90785
std::deque::empty, 403
std::set::empty, 467
std::multiset::empty, 3
std::stack::top, 57
std::copy, 135
std::log10, 4
std::multimap::rbegin, 2
std::deque::push_back, 320
std::basic_ostream::operator<<, 7461
std::map::empty, 465
std::bitset::operator|=, 2
std::reverse_iterator::operator--, 2
std::accumulate, 5
std::list::clear, 98
std::vector::front, 305
std::find, 578
std::__detail::_Node_const_iterator::operator->, 1
std::list::erase, 136
std::_Rb_tree_iterator::operator++, 1006
std::next_permutation, 6
std::list::begin, 684
std::priority_queue::operator=, 1
std::operator>, 12
std::_Rb_tree_iterator::operator->, 3499
std::operator+, 6209
std::multimap::insert, 78
std::basic_ios::good, 6
std::ios_base::width, 2
std::operator&, 5
std::basic_string::operator[], 1097
std::inplace_merge, 2
std::_Bit_iterator::operator++, 5
std::_Rb_tree_const_iterator::operator!=, 2759
std::vector::begin, 5970
std::basic_ofstream::basic_ofstream, 1
std::bind1st, 9
std::basic_string::operator=, 13523
std::minus::minus, 1
std::make_tuple, 1
std::min, 1370
std::setw, 26
std::__atomic_base::compare_exchange_strong, 6
std::bitset::count, 5
std::exp, 2
std::bitset::reference::operator _Bool, 14
std::lower_bound, 44
std::stack::empty, 50
std::list::front, 249
std::vector::insert, 456
std::ostream_iterator::ostream_iterator, 3
std::advance, 8
std::__atomic_base::exchange, 2
std::mem_fun, 13
std::deque::swap, 19
std::_Rb_tree_const_iterator::_Rb_tree_const_iterator, 82
std::set::insert, 2612
std::multimap::equal_range, 44
std::list::back, 72
std::_Rb_tree_iterator::operator--, 12
std::basic_string::size, 2579
std::_List_iterator::operator==, 78
std::basic_istream::peek, 2
std::basic_ios::bad, 2
std::basic_string::insert, 91
std::deque::back, 114
std::vector::pop_back, 175
std::unordered_map::operator[], 1
std::bitset::to_ulong, 1
std::_Bit_reference::operator=, 37
std::map::count, 247
std::find_first_of, 4
std::ptr_fun, 6
std::set::find, 489
std::basic_string::reserve, 121
std::deque::operator=, 3
std::set::rbegin, 28
std::basic_string::at, 25
std::find_if, 168
std::fill, 40
std::bitset::any, 11
std::basic_istream::gcount, 3
std::_List_const_iterator::operator==, 11
std::_Bit_iterator_base::operator<, 2
std::set_difference, 10
std::__detail::operator!=, 1
std::_Rb_tree_iterator::operator=, 134
std::next, 1
std::_Rb_tree_const_iterator::operator->, 3216
std::vector::resize, 531
std::binary_search, 11
std::basic_streambuf::sputn, 3
std::multimap::empty, 15
std::queue::empty, 398
std::_Rb_tree_const_iterator::operator==, 718
std::map::swap, 47
std::copy_n, 1
std::unordered_map::find, 1
std::vector::push_back, 15212
std::vector::vector, 2096
std::multimap::size, 12
std::multiset::insert, 42
std::_Deque_iterator::_Deque_iterator, 9
std::multiset::equal_range, 2
std::deque::assign, 3
std::basic_string::empty, 7310
std::reverse_iterator::operator+, 6
std::equal_to::equal_to, 2
std::queue::pop, 304
std::deque::front, 346
std::equal, 49
std::inserter, 18
std::map::operator[], 7059
std::isfinite, 8
std::replace, 71
std::stable_partition, 1
std::multimap::count, 4
std::basic_string::clear, 1042
std::reverse_iterator::operator++, 147
std::_Bit_const_iterator::operator++, 4
std::istream_iterator::istream_iterator, 1
std::queue::push, 273
std::basic_istream::ignore, 4
std::setprecision, 3
std::transform, 37
std::operator==, 5853
std::vector::operator=, 975
std::make_pair, 1480
std::basic_string::find_last_of, 31
std::bitset::operator=, 1
std::reverse, 21
std::basic_ios::operator void *, 8
std::vector::clear, 2208
std::multiset::begin, 17
std::list::~list, 6
std::deque::pop_front, 200
std::set::upper_bound, 2
std::deque::erase, 43
std::mem_fun_ref, 2
std::map::size, 417
std::basic_string::erase, 143
std::numeric_limits::max, 400
std::basic_istream::get, 1
std::vector::size, 8226
std::multimap::find, 17
std::upper_bound, 21
std::bitset::operator&=, 1
std::basic_string::capacity, 1
std::numeric_limits::epsilon, 19
std::numeric_limits::infinity, 44
std::partial_sort, 9
std::deque::at, 3
std::basic_ofstream::close, 6
std::bitset::test, 9
std::set::swap, 33
std::map::~map, 6
std::vector::end, 6152
std::push_heap, 9
std::basic_string::find_first_of, 84
std::max, 1234
std::char_traits::eof, 1
std::basic_ostream::write, 9
std::multimap::end, 80
std::get, 6
std::list::pop_back, 23
std::basic_string::compare, 223
std::list::push_front, 60
std::list::empty, 448
std::vector::assign, 186
std::multiset::multiset, 5
std::_Bit_const_iterator::operator*, 2
std::partition, 5
std::set::set, 194
std::_List_const_iterator::operator!=, 268
std::map::find, 3190
std::basic_string::c_str, 3875
std::basic_ios::rdbuf, 1
std::basic_ofstream::open, 7
std::basic_ios::eof, 14
std::reverse_iterator::operator=, 18
std::bitset::operator[], 80
std::_Deque_iterator::operator++, 122
std::vector::operator[], 11371
std::numeric_limits::quiet_NaN, 25
std::list::operator=, 35
std::map::operator=, 117
std::find_end, 4
std::stack::size, 2
std::vector::capacity, 14
std::basic_ios::fail, 8
std::map::clear, 584
std::logical_not::logical_not, 1
std::unordered_map::unordered_map, 1
std::list::rend, 21
std::isnan, 11
std::deque::begin, 211
std::count_if, 22
std::log, 5
std::_Deque_iterator::operator+=, 3
std::unique, 15
std::multimap::multimap, 2
std::merge, 1
std::deque::pop_back, 21
std::map::rbegin, 19
std::vector::data, 44
std::min_element, 2
std::_List_const_iterator::operator*, 311
std::reverse_iterator::reverse_iterator, 8
std::set_intersection, 4
std::multiset::end, 18
std::operator-, 28
std::reverse_iterator::operator-, 2
std::plus::plus, 6
std::_Rb_tree_iterator::_Rb_tree_iterator, 37
std::list::list, 22
std::getline, 16
std::basic_istream::read, 2
std::less::operator(), 1
std::back_inserter, 53
std::pair::operator=, 111
std::fabs, 4
std::not1, 5
std::_List_const_iterator::operator->, 208
std::_List_iterator::operator--, 9
std::multiset::upper_bound, 1
std::basic_string::operator+=, 2107
std::deque::operator[], 139
std::_Bit_iterator::operator=, 2
std::multimap::erase, 53
std::multiset::count, 7
std::queue::size, 100
std::map::upper_bound, 17
std::_Deque_iterator::operator-, 1
std::deque::push_front, 25
std::basic_istringstream::basic_istringstream, 12
std::basic_string::rbegin, 31
std::list::splice, 7
std::max_element, 11
std::mismatch, 4
std::stack::push, 60
std::map::erase, 1452
std::basic_ifstream::rdbuf, 1
std::basic_string::~basic_string, 13
std::end, 1
std::_Bit_reference::operator _Bool, 37
std::map::end, 4983
std::basic_string::begin, 510
std::setfill, 6
std::reverse_iterator::operator*, 224
std::bitset::size, 8
std::basic_string::end, 478
std::queue::front, 341
std::random_shuffle, 5
std::list::merge, 1
std::bitset::to_string, 1
std::basic_string::find, 963
std::priority_queue::priority_queue, 1
std::basic_string::rend, 4
std::__atomic_base::load, 6
std::queue::back, 17
std::_Deque_iterator::operator*, 115

STD class name, use count
std::numeric_limits, 637
std::deque, 325
std::random_access_iterator_tag, 1
std::bidirectional_iterator_tag, 3
std::istream_iterator, 2
std::basic_ostream, 2
std::atomic, 2
std::fpos, 1
std::list, 835
std::exception, 1
std::less, 3
std::queue, 238
std::binary_function, 9
std::unary_function, 12
std::input_iterator_tag, 5
std::multimap, 69
std::basic_string, 25
std::bitset, 33
std::insert_iterator, 1
std::iterator_traits, 2
std::map, 3513
std::pair, 981
std::reverse_iterator, 5
std::vector, 25407
std::iterator, 7
std::ios_base, 11
std::unordered_map, 1
std::multiset, 48
std::stack, 35
std::tuple, 1
std::allocator, 5
std::ostream_iterator, 1
std::priority_queue, 9
std::forward_iterator_tag, 1
std::greater, 1
std::equal_to, 2
std::set, 3886
std::char_traits, 1
