total STD functions, total function uses, total STD classes, total class uses
307, 1754, 40, 385

STD function name, use count
std::basic_ifstream::basic_ifstream, 1
std::__shared_ptr::operator*, 1
std::basic_string::size, 14
std::stoul, 1
std::atomic_bool::operator=, 7
std::basic_fstream::open, 2
std::unordered_map::count, 1
std::lock_guard::lock_guard, 7
std::vector::pop_back, 1
std::unordered_map::operator[], 3
std::shared_ptr::operator=, 1
std::basic_string::resize, 5
std::basic_string::reserve, 1
std::array::operator=, 2
std::basic_string::at, 1
std::fill, 1
std::find_if, 6
std::shared_ptr::shared_ptr, 4
std::__detail::operator!=, 2
std::forward, 10
std::_Rb_tree_iterator::operator=, 2
std::basic_string::cbegin, 1
std::_Rb_tree_const_iterator::operator->, 6
std::unique_ptr::operator[], 6
std::tuple::operator=, 2
std::vector::resize, 13
std::condition_variable::notify_all, 2
std::bitset::set, 1
std::basic_fstream::close, 1
std::round, 2
std::copy_n, 1
std::unordered_map::find, 3
std::vector::vector, 8
std::vector::push_back, 23
std::chrono::duration::operator=, 13
std::unique_ptr::operator=, 6
std::unordered_map::emplace, 1
std::unordered_map::erase, 2
std::basic_string::empty, 5
std::__detail::_Node_iterator::operator->, 2
std::_Rb_tree_iterator::operator*, 1
std::operator|, 5
std::basic_string::basic_string, 61
std::basic_fstream::is_open, 4
std::basic_string::length, 6
std::map::operator[], 6
std::atomic_exchange_explicit, 1
std::unique_ptr::reset, 2
std::hash::operator(), 1
std::vector::erase, 3
std::remove, 1
std::basic_string::copy, 1
std::weak_ptr::lock, 6
std::chrono::time_point::operator=, 3
std::reverse_iterator::operator->, 2
std::atomic_bool::operator _Bool, 5
std::unique_ptr::get, 17
std::chrono::duration_cast, 4
std::basic_ostringstream::str, 2
std::initializer_list::begin, 4
std::operator==, 15
std::vector::operator=, 1
std::vector::reserve, 2
std::array::at, 2
std::make_pair, 3
std::basic_ios::operator!, 1
std::basic_string::find_last_of, 1
std::mutex::lock, 2
std::operator!=, 3
std::unique_ptr::operator*, 2
std::list::end, 2
std::basic_ios::operator void *, 2
std::chrono::duration::duration, 2
std::vector::clear, 7
std::basic_string::swap, 2
std::basic_ostream::flush, 1
std::condition_variable::wait, 4
std::hash::hash, 1
std::chrono::_V2::steady_clock::now, 2
std::map::size, 2
std::map::insert, 77
std::vector::size, 24
std::basic_istream::seekg, 4
std::fpos::operator-, 2
std::function::function, 1
std::bind, 1
std::_List_iterator::operator*, 2
std::unique_ptr::operator->, 99
std::chrono::operator-, 4
std::vector::end, 24
std::basic_stringstream::str, 3
std::max, 26
std::basic_ostream::write, 2
std::stack::pop, 1
std::tie, 2
std::array::fill, 4
std::list::empty, 1
std::vector::rbegin, 1
std::mutex::unlock, 2
std::list::remove, 1
std::basic_istream::tellg, 4
std::atomic_fetch_add_explicit, 1
std::map::find, 9
std::unordered_map::end, 3
std::basic_string::c_str, 133
std::basic_string::data, 1
std::array::operator[], 82
std::vector::operator[], 37
std::basic_string::find_first_not_of, 1
std::_List_iterator::operator!=, 2
std::vector::back, 4
std::basic_ostream::seekp, 2
std::sqrt, 1
std::_List_iterator::operator++, 2
std::this_thread::yield, 1
std::weak_ptr::weak_ptr, 2
std::basic_string::substr, 8
std::to_string, 42
std::map::clear, 5
std::basic_string::rfind, 3
std::map::at, 2
std::unordered_map::clear, 1
std::array::size, 16
std::abs, 12
std::chrono::duration::zero, 6
std::array::begin, 2
std::vector::cend, 1
std::map::rbegin, 2
std::chrono::duration::count, 5
std::vector::data, 9
std::basic_string::find_last_not_of, 1
std::basic_string::cend, 3
std::__shared_ptr::operator->, 23
std::array::end, 2
std::getline, 2
std::for_each, 1
std::basic_istream::read, 1
std::basic_string::replace, 3
std::condition_variable::notify_one, 2
std::basic_ios::clear, 2
std::pair::operator=, 2
std::initializer_list::end, 4
std::basic_istream::operator>>, 4
std::_Rb_tree_iterator::operator!=, 4
std::map::begin, 1
std::pair::pair, 1
std::basic_string::operator+=, 11
std::__shared_ptr::operator _Bool, 11
std::list::push_back, 1
std::chrono::_V2::system_clock::now, 6
std::operator>>, 2
std::swap, 21
std::vector::empty, 2
std::chrono::duration::operator+=, 1
std::operator<<, 26
std::stack::top, 1
std::map::upper_bound, 1
std::basic_ostream::operator<<, 19
std::basic_string::rbegin, 2
std::basic_istringstream::basic_istringstream, 3
std::move, 61
std::stack::push, 1
std::map::erase, 2
std::map::emplace, 1
std::__detail::operator==, 1
std::array::data, 18
std::end, 3
std::find, 3
std::__detail::_Node_const_iterator::operator->, 1
std::_Rb_tree_iterator::operator++, 1
std::list::begin, 2
std::chrono::time_point::time_point, 2
std::_Rb_tree_iterator::operator->, 3
std::operator+, 177
std::begin, 3
std::basic_string::begin, 3
std::map::end, 9
std::setfill, 2
std::reverse_iterator::operator*, 3
std::basic_string::operator[], 29
std::bitset::size, 1
std::chrono::operator!=, 1
std::make_shared, 2
std::basic_string::end, 3
std::_Rb_tree_const_iterator::operator!=, 6
std::vector::begin, 19
std::unique_lock::unique_lock, 10
std::basic_string::operator=, 106
std::basic_ofstream::basic_ofstream, 2
std::atomic::atomic, 3
std::function::operator(), 2
std::make_tuple, 2
std::min, 32
std::setw, 3
std::basic_string::find, 11
std::unique_ptr::unique_ptr, 13
std::vector::emplace_back, 4
std::unique_lock::unlock, 1
std::chrono::duration::operator/=, 1
std::stack::empty, 1

STD class name, use count
std::numeric_limits, 1
std::deque, 4
std::mutex, 17
std::atomic, 5
std::list, 7
std::bad_alloc, 1
std::weak_ptr, 2
std::conditional, 1
std::underlying_type, 2
std::enable_if, 35
std::shared_ptr, 20
std::multimap, 4
std::basic_string, 1
std::bitset, 2
std::map, 18
std::aligned_storage, 1
std::is_same, 4
std::pair, 11
std::condition_variable, 4
std::vector, 75
std::initializer_list, 2
std::chrono::_V2::steady_clock, 3
std::function, 5
std::make_unsigned, 1
std::ios_base, 9
std::is_enum, 1
std::unique_lock, 10
std::unordered_map, 4
std::lock_guard, 7
std::recursive_mutex, 7
std::make_signed, 2
std::stack, 1
std::tuple, 3
std::alignment_of, 1
std::thread, 2
std::array, 40
std::out_of_range, 1
std::unique_ptr, 65
std::chrono::duration, 2
std::set, 4
