total STD functions, total function uses, total STD classes, total class uses
101, 1739, 13, 202

STD function name, use count
std::set::insert, 1
std::list::back, 5
std::basic_ofstream::is_open, 1
std::map::find, 5
std::_Rb_tree_const_iterator::operator*, 1
std::deque::back, 1
std::basic_string::c_str, 30
std::vector::pop_back, 2
std::basic_string::data, 1
std::basic_ofstream::open, 1
std::vector::operator[], 601
std::atan2, 1
std::vector::back, 25
std::shared_ptr::operator=, 1
std::sqrt, 1
std::basic_string::substr, 2
std::map::clear, 2
std::sort, 1
std::vector::resize, 10
std::deque::pop_back, 1
std::vector::push_back, 124
std::vector::vector, 6
std::vector::data, 2
std::basic_string::append, 1
std::set::clear, 2
std::__shared_ptr::operator->, 1
std::deque::size, 3
std::_Rb_tree_iterator::operator==, 1
std::numeric_limits::min, 14
std::basic_string::basic_string, 6
std::_Rb_tree_iterator::operator!=, 3
std::basic_string::length, 1
std::map::operator[], 20
std::vector::erase, 8
std::deque::operator[], 1
std::vector::empty, 5
std::swap, 1
std::set::erase, 1
std::operator<<, 131
std::set::empty, 2
std::setprecision, 10
std::basic_ostream::operator<<, 66
std::basic_ostringstream::str, 16
std::operator==, 24
std::vector::reserve, 18
std::vector::operator=, 5
std::deque::push_front, 1
std::make_pair, 1
std::operator!=, 3
std::reverse, 1
std::vector::clear, 27
std::vector::front, 1
std::basic_ostream::flush, 1
std::numeric_limits::max, 12
std::map::size, 1
std::vector::size, 220
std::operator+, 8
std::map::end, 5
std::list::emplace_back, 5
std::stoi, 1
std::basic_string::operator[], 3
std::make_shared, 1
std::numeric_limits::infinity, 6
std::_Rb_tree_const_iterator::operator!=, 1
std::vector::begin, 89
std::unique_ptr::operator->, 15
std::basic_string::operator=, 12
std::vector::end, 80
std::function::operator(), 3
std::set::begin, 2
std::min, 26
std::basic_string::find, 3
std::unique_ptr::unique_ptr, 1
std::vector::emplace_back, 22
std::max, 23

STD class name, use count
std::numeric_limits, 32
std::deque, 1
std::vector, 144
std::function, 5
std::list, 3
std::unordered_map, 1
std::exception, 1
std::map, 4
std::pair, 7
std::unique_ptr, 1
std::greater, 1
std::set, 1
std::shared_ptr, 1
