total STD functions, total function uses, total STD classes, total class uses
48, 193, 2, 19

STD function name, use count
std::basic_string::basic_string, 6
std::basic_string::length, 9
std::basic_string::operator+=, 3
std::basic_string::c_str, 4
std::operator<<, 51
std::vector::operator[], 7
std::basic_string::find_first_not_of, 2
std::transform, 1
std::basic_ostream::operator<<, 28
std::operator==, 9
std::basic_istringstream::basic_istringstream, 2
std::basic_string::substr, 5
std::operator!=, 1
std::basic_ios::operator void *, 1
std::basic_string::rfind, 1
std::sort, 2
std::exception::exception, 3
std::vector::size, 1
std::operator+, 6
std::basic_string::begin, 2
std::vector::push_back, 6
std::basic_string::operator[], 3
std::basic_string::find_last_not_of, 1
std::basic_string::end, 1
std::vector::begin, 9
std::basic_string::operator=, 11
std::basic_stringstream::basic_stringstream, 1
std::vector::end, 9
std::basic_string::find, 2
std::basic_stringstream::str, 1
std::getline, 1
std::basic_string::find_first_of, 2
std::basic_string::replace, 2

STD class name, use count
std::vector, 18
std::exception, 1
