total STD functions, total function uses, total STD classes, total class uses
524, 27283, 29, 6522

STD function name, use count
std::_Deque_iterator::operator=, 2
std::basic_ostream::put, 4
std::basic_ifstream::basic_ifstream, 14
std::basic_istream::basic_istream, 9
std::terminate, 1
std::basic_istream::getline, 2
std::map::rend, 2
std::set::operator=, 19
std::_Rb_tree_const_iterator::operator*, 157
std::ios_base::precision, 27
std::set::count, 4
std::bitset::reset, 14
std::priority_queue::pop, 1
std::type_info::name, 2
std::basic_string::resize, 1
std::greater::greater, 1
std::basic_ios::exceptions, 1
std::_List_iterator::operator->, 109
std::bitset::set, 29
std::_Rb_tree_const_iterator::operator++, 185
std::basic_streambuf::gptr, 25
std::set::size, 86
std::set::end, 187
std::set::clear, 46
std::deque::size, 22
std::_Rb_tree_iterator::operator==, 42
std::ceil, 12
std::set_new_handler, 1
std::basic_string::push_back, 5
std::runtime_error::runtime_error, 1
std::auto_ptr::operator*, 11
std::vector::~vector, 1
std::_Rb_tree_iterator::operator*, 64
std::operator|, 92
std::floor, 3
std::basic_string::basic_string, 363
std::basic_ios::imbue, 3
std::basic_fstream::is_open, 4
std::basic_string::length, 11
std::priority_queue::push, 3
std::list::insert, 1
std::vector::erase, 74
std::basic_ios::fill, 2
std::list::size, 32
std::basic_streambuf::pbase, 4
std::set::erase, 18
std::auto_ptr::reset, 3
std::operator<, 3
std::basic_streambuf::sgetn, 2
std::reverse_iterator::operator->, 11
std::basic_streambuf::pubseekoff, 27
std::basic_ostringstream::str, 29
std::ctype::narrow, 1
std::vector::reserve, 97
std::basic_ios::operator!, 48
std::operator>=, 1
std::operator!=, 73
std::generate, 2
std::list::end, 127
std::basic_streambuf::eback, 4
std::basic_ostream::flush, 5
std::fmod, 3
std::_Rb_tree_const_iterator::operator--, 2
std::_List_const_iterator::operator=, 8
std::deque::end, 14
std::map::insert, 31
std::_List_iterator::operator*, 56
std::_Deque_iterator::operator+, 3
std::basic_stringstream::basic_stringstream, 2
std::_Rb_tree_const_iterator::operator=, 69
std::set::begin, 154
std::basic_stringstream::str, 162
std::locale::classic, 3
std::vector::rend, 10
std::list::sort, 2
std::stack::pop, 5
std::vector::rbegin, 9
std::basic_ofstream::is_open, 3
std::list::remove, 4
std::insert_iterator::insert_iterator, 1
std::basic_istream::tellg, 4
std::basic_ios::init, 8
std::pow, 5
std::basic_string::data, 6
std::priority_queue::empty, 1
std::basic_streambuf::setp, 3
std::list::rbegin, 3
std::basic_string::find_first_not_of, 3
std::basic_ifstream::is_open, 5
std::_List_iterator::operator!=, 77
std::vector::back, 32
std::set::rend, 4
std::basic_ostream::seekp, 2
std::_List_iterator::operator++, 67
std::basic_ifstream::close, 16
std::basic_string::substr, 194
std::vector::at, 11
std::basic_ifstream::open, 3
std::basic_string::rfind, 1
std::sort, 69
std::abs, 54
std::adjacent_find, 8
std::_List_const_iterator::operator++, 37
std::basic_string::find_last_not_of, 1
std::basic_string::append, 1
std::list::pop_front, 8
std::basic_string::assign, 4
std::basic_ios::rdstate, 2
std::basic_string::replace, 1
std::basic_ios::clear, 9
std::map::map, 5
std::vector::swap, 18
std::bind2nd, 19
std::priority_queue::top, 2
std::basic_istream::operator>>, 68
std::_Rb_tree_iterator::operator!=, 198
std::map::begin, 199
std::set_union, 1
std::_List_iterator::operator=, 36
std::pair::pair, 20
std::list::push_back, 84
std::operator>>, 21
std::swap, 111
std::vector::empty, 159
std::operator<<, 2687
std::set::empty, 25
std::stack::top, 4
std::copy, 9
std::deque::push_back, 12
std::basic_ostream::operator<<, 1549
std::log10, 1
std::map::empty, 10
std::list::clear, 6
std::vector::front, 120
std::find, 37
std::list::erase, 17
std::_Rb_tree_iterator::operator++, 99
std::list::begin, 135
std::__ctype_abstract_base::widen, 1
std::operator>, 2
std::_Rb_tree_iterator::operator->, 347
std::operator+, 217
std::basic_ios::good, 5
std::ios_base::width, 2
std::operator&, 4
std::basic_string::operator[], 37
std::_Rb_tree_const_iterator::operator!=, 283
std::vector::begin, 1385
std::basic_ofstream::basic_ofstream, 11
std::basic_string::operator=, 396
std::fpos::operator-=, 1
std::min, 174
std::setw, 74
std::exp, 8
std::basic_streambuf::setg, 12
std::vector::insert, 78
std::list::front, 12
std::stack::empty, 4
std::set::insert, 136
std::_Rb_tree_iterator::operator--, 1
std::list::back, 10
std::basic_string::size, 129
std::_List_iterator::operator==, 3
std::basic_fstream::open, 2
std::basic_ios::bad, 26
std::basic_string::insert, 2
std::vector::pop_back, 16
std::bitset::to_ulong, 1
std::ios_base::unsetf, 1
std::_Bit_reference::operator=, 1
std::fpos::operator long, 35
std::basic_streambuf::pubseekpos, 1
std::basic_ostream::tellp, 3
std::basic_string::reserve, 7
std::set::find, 38
std::set::rbegin, 4
std::basic_string::at, 8
std::deque::operator=, 3
std::fill, 2
std::find_if, 23
std::basic_istream::gcount, 5
std::set_difference, 6
std::_Rb_tree_iterator::operator=, 100
std::_Rb_tree_const_iterator::operator->, 261
std::vector::resize, 173
std::basic_streambuf::sputn, 3
std::basic_fstream::close, 2
std::_Rb_tree_const_iterator::operator==, 42
std::vector::vector, 231
std::vector::push_back, 1359
std::auto_ptr::release, 26
std::auto_ptr::auto_ptr, 41
std::basic_string::empty, 102
std::basic_istream::putback, 5
std::equal_to::equal_to, 4
std::equal, 3
std::deque::front, 1
std::map::operator[], 396
std::replace, 4
std::basic_string::clear, 8
std::reverse_iterator::operator++, 19
std::basic_istream::ignore, 1
std::operator==, 332
std::vector::operator=, 215
std::make_pair, 77
std::basic_string::find_last_of, 17
std::basic_ofstream::rdbuf, 6
std::basic_ios::operator void *, 43
std::vector::clear, 306
std::deque::pop_front, 1
std::deque::erase, 9
std::map::size, 28
std::basic_string::erase, 6
std::mem_fun_ref, 3
std::vector::size, 1190
std::basic_istream::get, 11
std::basic_streambuf::pptr, 6
std::basic_istream::seekg, 10
std::stack::stack, 1
std::basic_ofstream::close, 36
std::bitset::test, 17
std::set::swap, 3
std::map::~map, 2
std::vector::end, 1401
std::basic_string::find_first_of, 8
std::max, 223
std::basic_ifstream::~basic_ifstream, 2
std::char_traits::eof, 10
std::basic_ostream::write, 24
std::list::pop_back, 3
std::fpos::fpos, 6
std::basic_string::compare, 2
std::list::empty, 20
std::list::push_front, 12
std::set::set, 7
std::_List_const_iterator::operator!=, 36
std::map::find, 267
std::basic_streambuf::pbump, 3
std::basic_string::c_str, 1298
std::basic_ios::rdbuf, 23
std::basic_ios::eof, 11
std::basic_ofstream::open, 12
std::ios_base::setf, 23
std::reverse_iterator::operator=, 4
std::basic_ostream::basic_ostream, 15
std::vector::operator[], 4113
std::numeric_limits::quiet_NaN, 2
std::basic_ofstream::~basic_ofstream, 2
std::_Deque_iterator::operator++, 2
std::list::operator=, 3
std::basic_streambuf::egptr, 5
std::map::operator=, 5
std::stack::operator=, 1
std::vector::capacity, 1
std::basic_ios::fail, 2
std::map::clear, 43
std::list::rend, 3
std::count_if, 10
std::deque::begin, 23
std::log, 8
std::unique, 26
std::map::rbegin, 3
std::_List_const_iterator::operator*, 35
std::min_element, 4
std::reverse_iterator::reverse_iterator, 2
std::set_intersection, 2
std::operator-, 3
std::_Rb_tree_iterator::_Rb_tree_iterator, 6
std::auto_ptr::operator->, 33
std::list::list, 1
std::getline, 46
std::basic_istream::read, 28
std::pair::operator=, 2
std::fabs, 22
std::_List_const_iterator::operator->, 66
std::invalid_argument::invalid_argument, 4
std::fpos::operator=, 2
std::basic_string::operator+=, 1023
std::ios_base::getloc, 2
std::auto_ptr::get, 10
std::deque::operator[], 8
std::use_facet, 2
std::_Deque_iterator::operator-, 6
std::deque::push_front, 3
std::basic_istringstream::basic_istringstream, 1
std::basic_string::rbegin, 2
std::max_element, 6
std::greater_equal::greater_equal, 3
std::stack::push, 3
std::map::erase, 44
std::basic_string::~basic_string, 2
std::basic_ifstream::rdbuf, 6
std::exception::exception, 5
std::_Bit_reference::operator _Bool, 4
std::basic_string::begin, 35
std::map::end, 433
std::setfill, 18
std::reverse_iterator::operator*, 28
std::basic_string::end, 37
std::back_insert_iterator::back_insert_iterator, 8
std::basic_ios::setstate, 2
std::bad_alloc::bad_alloc, 1
std::basic_string::find, 85
std::basic_string::rend, 2
std::_Deque_iterator::operator*, 8

STD class name, use count
std::numeric_limits, 2
std::deque, 6
std::vector, 4485
std::random_access_iterator_tag, 4
std::iterator, 4
std::invalid_argument, 4
std::list, 347
std::ctype, 4
std::ios_base, 59
std::exception, 201
std::queue, 9
std::locale, 3
std::stack, 9
std::binary_function, 26
std::unary_function, 3
std::back_insert_iterator, 11
std::input_iterator_tag, 1
std::basic_string, 1
std::bitset, 4
std::insert_iterator, 1
std::priority_queue, 1
std::map, 594
std::out_of_range, 2
std::forward_iterator_tag, 4
std::pair, 228
std::runtime_error, 1
std::reverse_iterator, 1
std::auto_ptr, 50
std::set, 457
