total STD functions, total function uses, total STD classes, total class uses
244, 5482, 11, 883

STD function name, use count
std::sin, 24
std::set::insert, 38
std::basic_ifstream::basic_ifstream, 1
std::list::back, 1
std::basic_string::size, 43
std::_List_iterator::operator==, 5
std::basic_istream::getline, 2
std::_Rb_tree_const_iterator::operator*, 13
std::basic_string::insert, 3
std::priority_queue::pop, 1
std::vector::pop_back, 1
std::map::count, 7
std::basic_string::resize, 2
std::set::find, 16
std::basic_string::at, 5
std::find_if, 1
std::_Rb_tree_iterator::operator=, 13
std::_List_iterator::~_List_iterator, 1
std::_Rb_tree_const_iterator::operator->, 40
std::_List_iterator::operator->, 8
std::vector::resize, 12
std::_Rb_tree_const_iterator::operator==, 15
std::_Rb_tree_const_iterator::operator++, 20
std::vector::vector, 8
std::vector::push_back, 363
std::set::size, 7
std::set::end, 28
std::_Rb_tree_iterator::operator==, 8
std::ceil, 1
std::basic_string::empty, 27
std::_Rb_tree_iterator::operator*, 1
std::vector::~vector, 8
std::equal, 1
std::basic_string::basic_string, 150
std::basic_string::length, 77
std::priority_queue::push, 1
std::map::operator[], 89
std::unique_ptr::reset, 8
std::mem_fn, 1
std::list::insert, 1
std::vector::erase, 29
std::list::size, 4
std::basic_string::clear, 5
std::this_thread::sleep_for, 1
std::set::erase, 4
std::unique_ptr::get, 15
std::basic_ostringstream::str, 22
std::transform, 14
std::operator==, 132
std::make_pair, 3
std::vector::reserve, 5
std::vector::operator=, 11
std::basic_ios::operator!, 2
std::basic_string::find_last_of, 15
std::mutex::lock, 3
std::operator!=, 7
std::basic_ios::operator void *, 1
std::list::end, 59
std::chrono::duration::duration, 1
std::vector::clear, 17
std::list::~list, 5
std::map::insert, 3
std::basic_string::erase, 7
std::map::size, 11
std::vector::size, 297
std::priority_queue::~priority_queue, 2
std::list::resize, 2
std::_List_iterator::operator*, 32
std::unique_ptr::operator->, 26
std::priority_queue::size, 1
std::basic_ofstream::close, 1
std::modf, 2
std::map::~map, 13
std::vector::end, 134
std::_Rb_tree_const_iterator::operator=, 2
std::set::begin, 13
std::thread::join, 1
std::basic_string::find_first_of, 4
std::max, 44
std::tan, 1
std::basic_string::compare, 29
std::list::push_front, 8
std::list::empty, 5
std::vector::assign, 5
std::mutex::unlock, 3
std::list::remove, 1
std::mutex::mutex, 1
std::_List_const_iterator::operator!=, 18
std::map::find, 51
std::basic_string::c_str, 387
std::list::operator=, 2
std::vector::operator[], 572
std::basic_ifstream::is_open, 1
std::vector::back, 5
std::_List_iterator::operator!=, 29
std::sqrt, 42
std::_List_iterator::operator++, 27
std::basic_ifstream::close, 2
std::basic_string::substr, 52
std::map::clear, 1
std::vector::at, 7
std::basic_ifstream::open, 1
std::basic_string::rfind, 8
std::sort, 2
std::count_if, 2
std::_List_const_iterator::operator++, 17
std::unique_ptr::release, 3
std::cos, 16
std::_List_const_iterator::operator*, 17
std::basic_string::append, 45
std::list::list, 4
std::basic_string::assign, 14
std::getline, 3
std::for_each, 1
std::basic_string::replace, 4
std::map::map, 9
std::fabs, 32
std::_List_const_iterator::operator->, 9
std::_List_iterator::operator--, 1
std::basic_istream::operator>>, 2
std::priority_queue::top, 1
std::_Rb_tree_iterator::operator!=, 69
std::map::begin, 48
std::_List_iterator::operator=, 14
std::thread::thread, 1
std::basic_string::operator+=, 46
std::list::push_back, 26
std::vector::empty, 19
std::operator<<, 754
std::set::empty, 2
std::basic_ostream::operator<<, 112
std::map::empty, 6
std::basic_istringstream::basic_istringstream, 2
std::map::erase, 7
std::basic_string::~basic_string, 5
std::list::clear, 4
std::vector::front, 2
std::find, 23
std::list::erase, 13
std::_Rb_tree_iterator::operator++, 38
std::_Bit_reference::operator _Bool, 3
std::list::begin, 50
std::_Rb_tree_iterator::operator->, 142
std::operator+, 62
std::basic_ios::good, 4
std::basic_string::begin, 34
std::map::end, 99
std::basic_string::operator[], 19
std::basic_string::end, 14
std::_Rb_tree_const_iterator::operator!=, 33
std::vector::begin, 117
std::basic_ofstream::basic_ofstream, 1
std::basic_string::operator=, 155
std::min, 41
std::unique_ptr::unique_ptr, 7
std::basic_string::find, 42
std::priority_queue::priority_queue, 2
std::exp, 24
std::vector::insert, 1

STD class name, use count
std::vector, 622
std::mutex, 1
std::list, 87
std::thread, 1
std::nothrow_t, 4
std::exception, 1
std::less, 3
std::map, 118
std::priority_queue, 1
std::unique_ptr, 14
std::set, 31
