total STD functions, total function uses, total STD classes, total class uses
160, 2761, 8, 532

STD function name, use count
std::list::pop_back, 12
std::set::insert, 10
std::basic_string::compare, 18
std::list::back, 40
std::list::empty, 10
std::basic_string::size, 221
std::map::find, 5
std::_List_const_iterator::operator!=, 2
std::basic_string::insert, 12
std::basic_string::c_str, 176
std::search, 1
std::type_info::name, 1
std::basic_string::data, 17
std::reverse_iterator::operator=, 1
std::list::rbegin, 1
std::vector::operator[], 102
std::basic_string::find_first_not_of, 1
std::vector::back, 7
std::_List_iterator::operator!=, 9
std::basic_string::resize, 1
std::_List_iterator::operator++, 7
std::basic_string::reserve, 25
std::set::find, 11
std::basic_string::substr, 8
std::map::clear, 4
std::basic_string::at, 7
std::basic_string::rfind, 3
std::list::rend, 2
std::_Rb_tree_const_iterator::operator->, 61
std::vector::resize, 47
std::multimap::empty, 12
std::_Rb_tree_const_iterator::operator==, 1
std::_List_const_iterator::operator++, 2
std::_Rb_tree_const_iterator::operator++, 27
std::vector::push_back, 30
std::vector::vector, 40
std::vector::data, 7
std::multimap::begin, 20
std::_List_const_iterator::operator*, 1
std::set::size, 1
std::set::end, 11
std::basic_string::append, 12
std::list::pop_front, 1
std::multimap::size, 8
std::basic_string::replace, 4
std::basic_string::push_back, 47
std::basic_string::empty, 47
std::map::map, 18
std::_List_const_iterator::operator->, 2
std::basic_string::basic_string, 157
std::_Rb_tree_iterator::operator!=, 1
std::basic_string::length, 16
std::map::operator[], 10
std::map::begin, 6
std::vector::erase, 1
std::replace, 1
std::pair::pair, 20
std::basic_string::operator+=, 168
std::list::size, 16
std::basic_string::clear, 30
std::list::push_back, 34
std::reverse_iterator::operator++, 1
std::vector::empty, 4
std::operator<, 2
std::map::empty, 4
std::operator==, 44
std::vector::reserve, 3
std::make_pair, 1
std::vector::operator=, 2
std::basic_string::find_last_of, 1
std::reverse, 1
std::operator!=, 10
std::list::end, 11
std::vector::clear, 11
std::set_terminate, 1
std::list::clear, 1
std::vector::front, 103
std::map::insert, 3
std::_Rb_tree_iterator::operator++, 1
std::basic_string::erase, 34
std::map::size, 4
std::list::begin, 9
std::vector::size, 120
std::_Rb_tree_iterator::operator->, 8
std::operator+, 300
std::multimap::insert, 11
std::basic_string::begin, 8
std::map::end, 10
std::reverse_iterator::operator*, 2
std::basic_string::operator[], 101
std::_List_iterator::operator*, 15
std::basic_string::end, 8
std::_Rb_tree_const_iterator::operator!=, 39
std::vector::begin, 26
std::list::merge, 2
std::basic_string::operator=, 153
std::vector::end, 39
std::_Rb_tree_const_iterator::operator=, 23
std::basic_string::find, 26
std::basic_string::find_first_of, 5
std::multimap::end, 20
std::vector::insert, 14
std::list::front, 7

STD class name, use count
std::vector, 297
std::type_info, 1
std::multimap, 40
std::list, 39
std::exception, 60
std::map, 45
std::pair, 35
std::set, 15
