total STD functions, total function uses, total STD classes, total class uses
124, 480, 8, 53

STD function name, use count
std::mem_fun, 1
std::basic_ifstream::basic_ifstream, 1
std::basic_ofstream::is_open, 1
std::basic_string::size, 11
std::auto_ptr::operator auto_ptr_ref<type-parameter-1-0>, 7
std::basic_string::insert, 1
std::basic_string::c_str, 15
std::vector::pop_back, 1
std::basic_ofstream::open, 1
std::bitset::operator[], 9
std::vector::back, 3
std::basic_string::substr, 2
std::vector::at, 1
std::auto_ptr::operator=, 1
std::_Rb_tree_const_iterator::operator->, 2
std::basic_streambuf::sputn, 2
std::_Rb_tree_const_iterator::operator++, 1
std::vector::push_back, 8
std::basic_string::append, 6
std::auto_ptr::release, 2
std::auto_ptr::operator->, 44
std::for_each, 2
std::runtime_error::runtime_error, 1
std::basic_string::push_back, 1
std::auto_ptr::auto_ptr, 15
std::equal_range, 2
std::basic_ios::clear, 1
std::basic_string::empty, 11
std::basic_string::basic_string, 29
std::vector::swap, 2
std::_Rb_tree_iterator::operator!=, 1
std::map::operator[], 6
std::map::begin, 2
std::vector::erase, 1
std::basic_string::operator+=, 2
std::basic_string::clear, 1
std::auto_ptr::get, 5
std::vector::empty, 3
std::swap, 20
std::operator<<, 33
std::operator<, 1
std::basic_streambuf::sgetn, 2
std::copy, 2
std::transform, 1
std::basic_ostringstream::str, 4
std::basic_ostream::operator<<, 14
std::operator==, 13
std::make_pair, 1
std::basic_ofstream::rdbuf, 2
std::bitset::reference::operator=, 7
std::operator!=, 1
std::basic_ios::operator void *, 1
std::vector::clear, 1
std::vector::front, 2
std::basic_ifstream::rdbuf, 1
std::basic_string::swap, 20
std::find, 1
std::_Rb_tree_iterator::operator++, 1
std::basic_string::erase, 2
std::numeric_limits::max, 1
std::vector::size, 6
std::_Rb_tree_iterator::operator->, 2
std::operator+, 44
std::basic_string::begin, 6
std::map::end, 2
std::setfill, 4
std::basic_string::operator[], 4
std::basic_string::end, 4
std::_Rb_tree_const_iterator::operator!=, 1
std::vector::begin, 17
std::basic_ofstream::basic_ofstream, 1
std::basic_ofstream::close, 1
std::basic_string::operator=, 17
std::vector::end, 16
std::min, 6
std::_Rb_tree_const_iterator::operator=, 1
std::basic_string::find, 4
std::setw, 4
std::bitset::reference::operator _Bool, 1
std::max, 1
std::vector::insert, 1
std::ostream_iterator::ostream_iterator, 1

STD class name, use count
std::numeric_limits, 1
std::vector, 23
std::bitset, 1
std::exception, 1
std::map, 2
std::runtime_error, 1
std::pair, 3
std::auto_ptr, 21
