total STD functions, total function uses, total STD classes, total class uses
611, 20540, 28, 1162

STD function name, use count
std::_Deque_iterator::operator=, 2
std::basic_ostream::put, 2
std::sin, 2
std::basic_ifstream::basic_ifstream, 1
std::basic_istream::basic_istream, 1
std::basic_istream::getline, 4
std::set::operator=, 5
std::_Rb_tree_const_iterator::operator*, 91
std::map::lower_bound, 4
std::ios_base::precision, 10
std::set::count, 1
std::priority_queue::pop, 1
std::multimap::upper_bound, 12
std::type_info::name, 15
std::atan2, 1
std::basic_string::resize, 6
std::_List_iterator::operator->, 68
std::pop_heap, 2
std::basic_streambuf::basic_streambuf, 1
std::distance, 2
std::_Rb_tree_const_iterator::operator++, 134
std::basic_streambuf::gptr, 1
std::multimap::begin, 4
std::set::size, 18
std::set::end, 116
std::set::clear, 19
std::_Rb_tree_iterator::operator==, 94
std::ceil, 3
std::stable_sort, 3
std::set_new_handler, 1
std::runtime_error::runtime_error, 4
std::_Rb_tree_iterator::operator*, 18
std::vector::~vector, 2
std::operator|, 87
std::basic_string::basic_string, 587
std::basic_fstream::is_open, 2
std::basic_string::length, 78
std::priority_queue::push, 1
std::list::insert, 4
std::vector::erase, 29
std::remove, 1
std::basic_ios::fill, 3
std::list::size, 24
std::basic_streambuf::pbase, 3
std::set::erase, 39
std::operator<, 614
std::basic_ostringstream::str, 8
std::vector::reserve, 7
std::basic_ios::operator!, 16
std::operator>=, 157
std::bitset::reference::operator=, 12
std::operator!=, 1126
std::list::end, 114
std::make_heap, 1
std::basic_ostream::flush, 2
std::deque::end, 2
std::map::insert, 33
std::bitset::bitset, 4
std::_List_iterator::operator*, 96
std::operator^, 99
std::_Rb_tree_const_iterator::operator=, 32
std::set::begin, 76
std::basic_stringstream::str, 8
std::operator<=, 72
std::list::sort, 4
std::__atomic_base::fetch_add, 2
std::stack::pop, 22
std::basic_ofstream::is_open, 7
std::list::remove, 1
std::basic_istream::tellg, 6
std::__atomic_base::store, 3
std::basic_ios::init, 1
std::pow, 10
std::basic_string::data, 2
std::priority_queue::empty, 1
std::basic_streambuf::setp, 2
std::basic_ifstream::is_open, 1
std::vector::back, 8
std::_List_iterator::operator!=, 96
std::basic_string::find_first_not_of, 2
std::basic_ostream::seekp, 2
std::_List_const_iterator::_List_const_iterator, 3
std::sqrt, 5
std::_List_iterator::operator++, 104
std::basic_string::substr, 4
std::basic_ifstream::open, 2
std::ios_base::flags, 11
std::basic_string::rfind, 1
std::remove_copy_if, 2
std::sort, 23
std::abs, 8
std::multimap::lower_bound, 12
std::strstr, 4
std::_List_const_iterator::operator++, 11
std::cos, 3
std::basic_string::append, 13
std::list::pop_front, 4
std::basic_string::assign, 10
std::for_each, 11
std::basic_string::replace, 1
std::basic_ios::clear, 1
std::map::map, 15
std::bind2nd, 5
std::priority_queue::top, 1
std::basic_istream::operator>>, 5
std::_Rb_tree_iterator::operator!=, 162
std::map::begin, 155
std::_List_iterator::operator=, 36
std::pair::pair, 14
std::list::push_back, 74
std::set::lower_bound, 2
std::operator>>, 52
std::swap, 43
std::vector::empty, 36
std::deque::empty, 3
std::operator<<, 1706
std::set::empty, 26
std::stack::top, 27
std::copy, 2
std::deque::push_back, 1
std::basic_ostream::operator<<, 677
std::__atomic_base::fetch_or, 3
std::map::empty, 10
std::vector::front, 2
std::list::clear, 11
std::find, 12
std::list::erase, 25
std::_Rb_tree_iterator::operator++, 108
std::list::begin, 121
std::operator+, 4495
std::_Rb_tree_iterator::operator->, 260
std::operator>, 652
std::basic_ios::good, 14
std::multimap::insert, 5
std::ios_base::width, 3
std::operator&, 44
std::basic_string::operator[], 42
std::_Rb_tree_const_iterator::operator!=, 177
std::vector::begin, 158
std::basic_ofstream::basic_ofstream, 7
std::basic_string::operator=, 309
std::atomic::atomic, 1
std::min, 251
std::setw, 37
std::__atomic_base::compare_exchange_strong, 2
std::lower_bound, 1
std::basic_streambuf::setg, 2
std::list::front, 4
std::vector::insert, 8
std::stack::empty, 22
std::advance, 1
std::mem_fun, 4
std::__atomic_base::exchange, 3
std::_Rb_tree_const_iterator::_Rb_tree_const_iterator, 9
std::set::insert, 142
std::_Rb_tree_iterator::operator--, 2
std::list::back, 19
std::basic_string::size, 19
std::_List_iterator::operator==, 6
std::basic_fstream::open, 4
std::basic_string::insert, 1
std::vector::pop_back, 5
std::fpos::operator long, 8
std::set::find, 49
std::basic_string::reserve, 1
std::basic_ostream::tellp, 2
std::_Rb_tree_iterator::~_Rb_tree_iterator, 4
std::ptr_fun, 1
std::__atomic_base::operator++, 1
std::find_if, 20
std::basic_istream::gcount, 2
std::asin, 1
std::_Rb_tree_iterator::operator=, 45
std::_Rb_tree_const_iterator::operator->, 131
std::vector::resize, 21
std::basic_fstream::close, 5
std::queue::empty, 2
std::_Rb_tree_const_iterator::operator==, 48
std::vector::vector, 15
std::vector::push_back, 208
std::auto_ptr::auto_ptr, 15
std::basic_string::empty, 4
std::equal_to::equal_to, 1
std::deque::front, 1
std::queue::pop, 2
std::map::operator[], 245
std::basic_streambuf::sputc, 1
std::basic_string::clear, 1
std::queue::push, 2
std::operator==, 1237
std::make_pair, 32
std::vector::operator=, 11
std::bitset::operator=, 2
std::reverse, 2
std::basic_ios::operator void *, 4
std::vector::clear, 38
std::list::~list, 5
std::deque::pop_front, 3
std::set::upper_bound, 1
std::basic_string::erase, 2
std::map::size, 33
std::vector::size, 330
std::basic_streambuf::pptr, 2
std::basic_istream::get, 4
std::__atomic_base::operator type-parameter-0-0, 1
std::multimap::find, 3
std::basic_istream::seekg, 21
std::vector::end, 174
std::map::~map, 2
std::push_heap, 1
std::basic_string::find_first_of, 2
std::max, 239
std::basic_ifstream::~basic_ifstream, 2
std::basic_ostream::write, 16
std::multimap::end, 10
std::atomic_signal_fence, 2
std::list::pop_back, 4
std::list::push_front, 12
std::list::empty, 3
std::set::set, 13
std::_List_const_iterator::operator!=, 14
std::map::find, 202
std::basic_streambuf::pbump, 1
std::basic_string::c_str, 628
std::bitset::operator[], 14
std::ios_base::setf, 8
std::vector::operator[], 517
std::basic_ostream::basic_ostream, 1
std::basic_ofstream::~basic_ofstream, 2
std::_Deque_iterator::operator++, 2
std::map::operator=, 2
std::acos, 1
std::stack::size, 3
std::basic_ios::fail, 3
std::map::clear, 24
std::isnan, 4
std::deque::begin, 4
std::_List_const_iterator::operator*, 6
std::operator-, 808
std::_Rb_tree_iterator::_Rb_tree_iterator, 6
std::getline, 9
std::basic_istream::read, 18
std::pair::operator=, 3
std::back_inserter, 4
std::_List_const_iterator::operator->, 13
std::not1, 2
std::basic_string::operator+=, 170
std::auto_ptr::get, 10
std::out_of_range::out_of_range, 3
std::multimap::erase, 2
std::queue::size, 1
std::map::upper_bound, 1
std::deque::push_front, 1
std::basic_istringstream::basic_istringstream, 2
std::length_error::length_error, 1
std::stack::push, 25
std::map::erase, 68
std::__atomic_base::fetch_and, 3
std::map::end, 348
std::setfill, 8
std::queue::front, 2
std::bad_alloc::bad_alloc, 93
std::basic_string::find, 13
std::__atomic_base::load, 2
std::setbase, 4
std::_Deque_iterator::operator*, 6

STD class name, use count
std::deque, 5
std::vector, 310
std::type_info, 2
std::atomic, 19
std::bad_cast, 4
std::list, 144
std::bad_alloc, 74
std::ios_base, 14
std::exception, 65
std::length_error, 1
std::less, 13
std::queue, 4
std::stack, 11
std::binary_function, 11
std::unary_function, 10
std::multimap, 3
std::complex, 22
std::bitset, 2
std::array, 1
std::nothrow_t, 22
std::priority_queue, 1
std::map, 212
std::out_of_range, 3
std::pair, 35
std::runtime_error, 3
std::auto_ptr, 16
std::reverse_iterator, 2
std::set, 153
