total STD functions, total function uses, total STD classes, total class uses
218, 2816, 20, 192

STD function name, use count
std::sin, 7
std::set::insert, 5
std::lrint, 2
std::__shared_ptr::operator*, 24
std::unordered_set::empty, 1
std::basic_string::size, 1
std::basic_fstream::open, 2
std::basic_istream::peek, 5
std::_Rb_tree_const_iterator::operator*, 9
std::bitset::reset, 19
std::atan2, 2
std::shared_ptr::operator=, 88
std::set::find, 1
std::basic_string::back, 1
std::__shared_ptr::get, 2
std::bitset::any, 1
std::shared_ptr::shared_ptr, 159
std::__detail::operator!=, 2
std::_Rb_tree_const_iterator::operator->, 1
std::unordered_map::empty, 1
std::vector::resize, 5
std::bitset::set, 49
std::_Rb_tree_const_iterator::operator++, 5
std::round, 2
std::unordered_map::insert, 4
std::unordered_map::find, 1
std::vector::vector, 16
std::vector::push_back, 181
std::set::end, 1
std::bitset::operator~, 2
std::unordered_set::find, 1
std::_Rb_tree_iterator::operator==, 2
std::ceil, 3
std::auto_ptr::operator*, 2
std::unordered_set::clear, 1
std::basic_string::empty, 15
std::_Rb_tree_iterator::operator*, 13
std::operator|, 1
std::floor, 2
std::basic_string::basic_string, 26
std::unordered_set::end, 1
std::basic_fstream::is_open, 2
std::basic_string::length, 6
std::map::operator[], 8
std::unique_ptr::reset, 3
std::__detail::_Node_iterator::operator++, 1
std::vector::erase, 2
std::basic_string::clear, 1
std::auto_ptr::reset, 1
std::chrono::time_point::operator=, 5
std::atomic_bool::operator _Bool, 3
std::chrono::duration_cast, 3
std::setprecision, 4
std::basic_ostringstream::str, 4
std::operator==, 7
std::vector::reserve, 1
std::basic_string::find_last_of, 2
std::bitset::operator=, 6
std::bitset::reference::operator=, 1
std::operator!=, 4
std::unique_ptr::operator*, 1
std::vector::clear, 17
std::__detail::_Node_iterator::operator*, 4
std::map::size, 4
std::map::insert, 8
std::numeric_limits::max, 17
std::bitset::flip, 1
std::bitset::bitset, 12
std::basic_istream::get, 6
std::vector::size, 99
std::function::function, 2
std::atomic_bool::store, 1
std::function::operator=, 3
std::unique_ptr::operator->, 10
std::basic_ofstream::close, 2
std::istreambuf_iterator::istreambuf_iterator, 2
std::chrono::operator-, 3
std::bitset::test, 1
std::basic_stringstream::basic_stringstream, 6
std::vector::end, 19
std::basic_stringstream::str, 32
std::basic_string::find_first_of, 1
std::max, 33
std::basic_ostream::write, 4
std::bitset::none, 1
std::basic_string::compare, 13
std::vector::rbegin, 1
std::basic_ofstream::is_open, 2
std::map::find, 17
std::unordered_map::end, 2
std::basic_string::c_str, 23
std::basic_ios::eof, 10
std::bitset::operator[], 9
std::vector::operator[], 113
std::vector::back, 15
std::basic_ifstream::is_open, 2
std::basic_string::find_first_not_of, 1
std::map::operator=, 1
std::sqrt, 1
std::basic_ifstream::close, 2
std::basic_string::substr, 8
std::acos, 1
std::basic_ios::fail, 1
std::map::clear, 1
std::vector::at, 6
std::basic_ifstream::open, 1
std::map::at, 36
std::__shared_ptr::reset, 11
std::unordered_map::clear, 1
std::log, 1
std::abs, 2
std::chrono::duration::count, 3
std::vector::data, 23
std::cos, 12
std::__shared_ptr::operator->, 390
std::random_device::operator(), 1
std::getline, 7
std::numeric_limits::min, 1
std::type_info::operator==, 6
std::map::map, 6
std::fabs, 2
std::_Rb_tree_iterator::operator!=, 18
std::map::begin, 10
std::basic_string::operator+=, 4
std::__shared_ptr::operator _Bool, 65
std::auto_ptr::get, 1
std::chrono::_V2::system_clock::now, 9
std::operator>>, 1
std::swap, 3
std::vector::empty, 6
std::operator<<, 456
std::basic_ostream::operator<<, 314
std::basic_istringstream::basic_istringstream, 1
std::map::erase, 2
std::__detail::operator==, 1
std::vector::front, 13
std::_Rb_tree_iterator::operator++, 7
std::exception::exception, 1
std::_Rb_tree_iterator::operator->, 4
std::operator+, 4
std::map::end, 27
std::mersenne_twister_engine::mersenne_twister_engine, 1
std::reverse_iterator::operator*, 1
std::operator&, 1
std::basic_string::operator[], 5
std::bitset::size, 5
std::_Rb_tree_const_iterator::operator!=, 8
std::vector::begin, 20
std::basic_ofstream::basic_ofstream, 1
std::basic_string::operator=, 28
std::atomic::atomic, 1
std::function::operator(), 2
std::min, 32
std::call_once, 1
std::unique_ptr::unique_ptr, 1
std::chrono::_V2::system_clock::to_time_t, 1
std::bitset::reference::operator _Bool, 8
std::vector::insert, 1
std::unordered_map::begin, 1

STD class name, use count
std::numeric_limits, 24
std::vector, 90
std::random_access_iterator_tag, 2
std::iterator, 2
std::function, 12
std::atomic, 2
std::chrono::_V2::system_clock, 2
std::exception, 1
std::unordered_map, 2
std::unordered_set, 1
std::shared_ptr, 26
std::once_flag, 1
std::bitset, 7
std::uniform_real_distribution, 1
std::istreambuf_iterator, 1
std::map, 11
std::random_device, 1
std::unique_ptr, 2
std::auto_ptr, 1
std::set, 3
