total STD functions, total function uses, total STD classes, total class uses
191, 2545, 16, 890

STD function name, use count
std::set::insert, 1
std::stack::pop, 2
std::basic_ifstream::basic_ifstream, 4
std::list::push_front, 1
std::basic_ofstream::is_open, 1
std::basic_string::size, 4
std::basic_istream::getline, 1
std::basic_fstream::open, 9
std::map::find, 16
std::_Rb_tree_const_iterator::operator*, 1
std::basic_string::insert, 9
std::basic_string::c_str, 9
std::basic_ios::rdbuf, 1
std::type_info::name, 1
std::basic_ofstream::open, 22
std::basic_ofstream::~basic_ofstream, 1
std::vector::operator[], 196
std::basic_ifstream::is_open, 4
std::basic_string::find_first_not_of, 2
std::basic_ios::exceptions, 5
std::set::find, 1
std::basic_ifstream::close, 8
std::basic_string::substr, 5
std::basic_ios::fail, 4
std::map::clear, 7
std::vector::at, 2
std::basic_istream::gcount, 3
std::basic_ifstream::open, 10
std::_Rb_tree_iterator::operator=, 3
std::_Rb_tree_const_iterator::operator->, 22
std::sort, 1
std::vector::resize, 2
std::basic_fstream::close, 5
std::_Rb_tree_const_iterator::operator==, 5
std::_Rb_tree_const_iterator::operator++, 6
std::vector::vector, 16
std::vector::push_back, 107
std::set::end, 3
std::basic_string::append, 3
std::list::pop_front, 1
std::deque::size, 1
std::_Rb_tree_iterator::operator==, 5
std::list::list, 1
std::getline, 10
std::stable_sort, 1
std::runtime_error::runtime_error, 2
std::basic_istream::read, 4
std::pair::operator=, 1
std::basic_string::empty, 22
std::operator|, 20
std::deque::front, 1
std::vector::swap, 1
std::basic_string::basic_string, 10
std::basic_istream::operator>>, 1
std::basic_string::length, 4
std::basic_fstream::is_open, 1
std::_Rb_tree_iterator::operator!=, 1
std::map::operator[], 15
std::map::begin, 5
std::vector::erase, 3
std::remove, 1
std::basic_string::operator+=, 5
std::basic_string::clear, 1
std::list::size, 1
std::reverse_iterator::operator++, 1
std::operator>>, 1
std::vector::empty, 15
std::operator<<, 1136
std::deque::empty, 2
std::operator<, 4
std::stack::top, 4
std::copy, 1
std::basic_ostringstream::str, 22
std::basic_ostream::operator<<, 346
std::deque::push_back, 1
std::operator==, 46
std::vector::reserve, 1
std::make_pair, 6
std::vector::operator=, 2
std::basic_string::rbegin, 1
std::basic_ios::operator!, 6
std::operator>=, 3
std::operator!=, 11
std::basic_ios::operator void *, 5
std::stack::push, 3
std::vector::clear, 2
std::set_terminate, 1
std::map::erase, 3
std::basic_ifstream::rdbuf, 1
std::deque::pop_front, 1
std::basic_string::swap, 1
std::basic_ostream::flush, 4
std::map::insert, 2
std::map::size, 2
std::basic_string::erase, 2
std::vector::size, 65
std::_Rb_tree_iterator::operator->, 2
std::operator+, 13
std::operator>, 3
std::basic_ios::good, 12
std::map::end, 17
std::basic_string::begin, 4
std::reverse_iterator::operator*, 2
std::basic_string::operator[], 10
std::stack::stack, 1
std::basic_string::end, 5
std::_Rb_tree_const_iterator::operator!=, 8
std::vector::begin, 33
std::istreambuf_iterator::istreambuf_iterator, 6
std::basic_ofstream::basic_ofstream, 8
std::basic_ofstream::close, 25
std::basic_string::operator=, 23
std::bad_alloc::bad_alloc, 1
std::vector::end, 27
std::_Rb_tree_const_iterator::operator=, 1
std::set::begin, 2
std::min, 1
std::basic_string::find, 5
std::basic_string::rend, 1
std::basic_string::find_first_of, 6
std::operator<=, 3
std::vector::insert, 1
std::stack::empty, 1
std::basic_ostream::write, 2

STD class name, use count
std::deque, 1
std::vector, 655
std::type_info, 2
std::bad_cast, 1
std::list, 3
std::invalid_argument, 3
std::bad_alloc, 1
std::ios_base, 8
std::exception, 78
std::stack, 12
std::binary_function, 1
std::istreambuf_iterator, 3
std::map, 67
std::runtime_error, 2
std::pair, 42
std::set, 11
