total STD functions, total function uses, total STD classes, total class uses
286, 10057, 18, 800

STD function name, use count
std::tr1::__detail::operator!=, 59
std::set::insert, 16
std::basic_ifstream::basic_ifstream, 4
std::_Rb_tree_iterator::operator--, 1
std::multimap::equal_range, 3
std::_Deque_iterator::operator->, 14
std::basic_string::size, 44
std::_Rb_tree_const_iterator::operator*, 2
std::basic_string::insert, 18
std::bitset::reset, 3
std::vector::pop_back, 3
std::deque::clear, 2
std::basic_string::resize, 4
std::set::find, 2
std::basic_string::reserve, 9
std::basic_string::at, 1
std::deque::operator=, 1
std::set_difference, 1
std::_Rb_tree_iterator::operator=, 13
std::_Rb_tree_const_iterator::operator->, 139
std::vector::resize, 7
std::tr1::_Hashtable::empty, 1
std::bitset::set, 3
std::distance, 2
std::_Rb_tree_const_iterator::operator==, 8
std::map::swap, 1
std::_Rb_tree_const_iterator::operator++, 81
std::vector::vector, 14
std::vector::push_back, 199
std::tr1::_Hashtable::bucket_count, 2
std::multimap::begin, 5
std::set::size, 1
std::set::end, 5
std::set::clear, 2
std::deque::size, 12
std::_Rb_tree_iterator::operator==, 26
std::tr1::_Hashtable::swap, 2
std::basic_string::push_back, 120
std::equal_range, 4
std::basic_string::empty, 272
std::reverse_iterator::operator+, 93
std::deque::front, 7
std::basic_string::basic_string, 205
std::basic_string::length, 191
std::map::operator[], 98
std::vector::erase, 26
std::remove_if, 1
std::remove, 1
std::multimap::count, 1
std::tr1::unordered_map::~unordered_map, 2
std::basic_string::clear, 52
std::reverse_iterator::operator++, 3
std::set::erase, 1
std::operator<, 1
std::reverse_iterator::operator->, 2
std::tr1::__detail::_Hashtable_iterator::operator->, 67
std::tr1::_Hashtable::size, 19
std::basic_ostringstream::str, 2
std::transform, 10
std::operator==, 250
std::vector::reserve, 3
std::vector::operator=, 4
std::make_pair, 36
std::basic_ios::operator!, 1
std::operator>=, 1
std::reverse, 1
std::operator!=, 161
std::bitset::reference::operator=, 13
std::basic_ios::operator void *, 10
std::vector::clear, 28
std::basic_string::swap, 4
std::deque::pop_front, 7
std::deque::erase, 6
std::map::size, 4
std::map::insert, 6
std::deque::end, 19
std::basic_string::erase, 61
std::vector::size, 198
std::multimap::find, 1
std::upper_bound, 4
std::tr1::__detail::_Hashtable_const_iterator::operator*, 1
std::_Deque_iterator::operator+, 1
std::tr1::__detail::_Map_base::operator[], 9
std::basic_ofstream::close, 3
std::vector::end, 173
std::basic_stringstream::basic_stringstream, 13
std::_Rb_tree_const_iterator::operator=, 1
std::set::begin, 3
std::basic_stringstream::str, 9
std::basic_string::find_first_of, 8
std::multimap::end, 6
std::bitset::none, 1
std::vector::rend, 93
std::basic_string::compare, 31
std::vector::rbegin, 93
std::basic_ofstream::is_open, 3
std::vector::assign, 2
std::map::find, 60
std::basic_string::c_str, 1182
std::basic_string::data, 7
std::reverse_iterator::operator=, 186
std::bitset::operator[], 24
std::vector::operator[], 739
std::_Deque_iterator::operator++, 12
std::vector::back, 18
std::basic_ifstream::is_open, 2
std::basic_string::find_first_not_of, 8
std::tr1::__detail::_Hashtable_const_iterator::operator->, 54
std::tr1::_Hashtable::insert, 8
std::basic_ifstream::close, 3
std::basic_string::substr, 58
std::tr1::_Hashtable::erase, 18
std::basic_ios::fail, 3
std::map::clear, 7
std::tr1::_Hashtable::find, 27
std::basic_string::rfind, 12
std::sort, 4
std::deque::begin, 17
std::abs, 1
std::deque::pop_back, 1
std::tr1::__detail::_Hashtable_iterator::operator++, 10
std::basic_string::find_last_not_of, 2
std::basic_string::append, 193
std::basic_string::assign, 36
std::getline, 9
std::for_each, 1
std::count, 1
std::pair::operator=, 10
std::basic_ios::clear, 1
std::vector::swap, 5
std::tr1::_Hashtable::begin, 42
std::basic_istream::operator>>, 1
std::_Rb_tree_iterator::operator!=, 66
std::map::begin, 71
std::pair::pair, 2
std::tr1::__detail::operator==, 10
std::basic_string::operator+=, 88
std::deque::operator[], 4
std::operator>>, 13
std::vector::empty, 30
std::swap, 1
std::operator<<, 333
std::deque::empty, 10
std::multimap::erase, 4
std::tr1::_Hashtable::end, 69
std::basic_ostream::operator<<, 129
std::deque::push_back, 7
std::map::empty, 3
std::deque::push_front, 3
std::basic_string::rbegin, 4
std::basic_istringstream::basic_istringstream, 2
std::tr1::__detail::_Hashtable_const_iterator::operator++, 31
std::map::erase, 22
std::vector::front, 3
std::basic_string::~basic_string, 3
std::find, 11
std::exception::exception, 1
std::_Rb_tree_iterator::operator++, 40
std::operator>, 1
std::_Rb_tree_iterator::operator->, 151
std::operator+, 1549
std::multimap::insert, 7
std::basic_ios::good, 1
std::map::end, 126
std::basic_string::begin, 93
std::reverse_iterator::operator*, 100
std::basic_string::operator[], 157
std::basic_string::end, 65
std::_Rb_tree_const_iterator::operator!=, 84
std::vector::begin, 180
std::tr1::__detail::_Hashtable_iterator::operator=, 2
std::basic_string::operator=, 505
std::basic_ofstream::basic_ofstream, 3
std::bad_alloc::bad_alloc, 2
std::min, 3
std::basic_string::find, 105
std::basic_string::rend, 2
std::bitset::reference::operator _Bool, 11
std::lower_bound, 12
std::vector::insert, 10
std::_Deque_iterator::operator*, 10

STD class name, use count
std::deque, 17
std::vector, 588
std::bidirectional_iterator_tag, 1
std::iterator, 1
std::tr1::hash, 1
std::tr1::alignment_of, 1
std::exception, 2
std::tr1::unordered_map, 10
std::binary_function, 1
std::multimap, 9
std::basic_string, 1
std::bitset, 7
std::allocator, 1
std::tr1::aligned_storage, 1
std::map, 103
std::pair, 44
std::set, 11
std::char_traits, 1
