total STD functions, total function uses, total STD classes, total class uses
189, 1308, 44, 338

STD function name, use count
std::get, 19
std::addressof, 11
std::set::insert, 2
std::basic_ifstream::basic_ifstream, 1
std::basic_string::size, 5
std::map::find, 6
std::_Rb_tree_const_iterator::operator*, 8
std::unordered_map::end, 4
std::basic_string::c_str, 40
std::type_info::name, 1
std::array::operator[], 8
std::basic_ofstream::open, 1
std::vector::operator[], 49
std::vector::back, 10
std::sqrt, 1
std::to_string, 1
std::map::clear, 1
std::vector::at, 2
std::_Rb_tree_iterator::operator=, 1
std::forward, 423
std::array::size, 2
std::unordered_map::clear, 2
std::_Rb_tree_const_iterator::operator->, 2
std::unordered_map::empty, 2
std::vector::resize, 1
std::abs, 2
std::distance, 1
std::array::begin, 2
std::_Rb_tree_const_iterator::operator++, 7
std::chrono::duration::count, 1
std::unordered_map::find, 2
std::vector::push_back, 56
std::vector::vector, 5
std::unique_ptr::release, 1
std::set::end, 2
std::unordered_map::emplace, 5
std::basic_string::append, 7
std::_Rb_tree_iterator::operator==, 3
std::array::end, 5
std::basic_string::assign, 1
std::ceil, 2
std::basic_string::replace, 1
std::runtime_error::runtime_error, 1
std::basic_istream::read, 2
std::basic_ios::clear, 1
std::basic_string::empty, 1
std::_Rb_tree_iterator::operator*, 1
std::basic_string::basic_string, 23
std::floor, 1
std::basic_string::length, 26
std::_Rb_tree_iterator::operator!=, 3
std::map::operator[], 26
std::map::begin, 7
std::vector::erase, 4
std::basic_string::operator+=, 17
std::this_thread::sleep_for, 1
std::chrono::_V2::system_clock::now, 2
std::vector::empty, 1
std::operator<<, 59
std::chrono::time_point::operator=, 3
std::chrono::duration_cast, 1
std::unique_ptr::get, 36
std::basic_ostringstream::str, 1
std::basic_ostream::operator<<, 10
std::char_traits::length, 1
std::map::empty, 1
std::default_delete::operator(), 1
std::operator==, 12
std::vector::reserve, 3
std::make_pair, 3
std::vector::operator=, 5
std::move, 45
std::operator!=, 2
std::chrono::duration::duration, 1
std::vector::clear, 4
std::map::erase, 1
std::find, 3
std::basic_string::erase, 1
std::map::size, 1
std::_Rb_tree_iterator::operator++, 3
std::vector::size, 27
std::operator+, 70
std::basic_istream::seekg, 1
std::_Rb_tree_iterator::operator->, 10
std::map::end, 12
std::basic_string::begin, 2
std::basic_string::operator[], 13
std::basic_string::end, 2
std::_Rb_tree_const_iterator::operator!=, 8
std::vector::begin, 36
std::basic_string::operator=, 5
std::chrono::operator-, 1
std::vector::end, 31
std::set::begin, 2
std::min, 2
std::make_tuple, 3
std::unique_ptr::unique_ptr, 28
std::basic_string::find, 9
std::basic_stringstream::str, 14
std::vector::emplace_back, 5
std::max, 2
std::vector::insert, 5

STD class name, use count
std::is_member_object_pointer, 3
std::is_class, 2
std::reference_wrapper, 3
std::basic_ostream, 36
std::tuple_element, 8
std::default_delete, 1
std::locale::facet, 1
std::is_convertible, 1
std::conditional, 3
std::decay, 12
std::integral_constant, 2
std::enable_if, 6
std::basic_ios, 8
std::remove_reference, 1
std::is_unsigned, 2
std::is_function, 2
std::add_pointer, 1
std::add_lvalue_reference, 1
std::map, 14
std::remove_pointer, 16
std::is_same, 5
std::pair, 4
std::runtime_error, 1
std::vector, 86
std::is_void, 1
std::type_info, 2
std::function, 7
std::ios_base, 1
std::is_pointer, 3
std::is_signed, 2
std::is_floating_point, 5
std::unordered_map, 2
std::locale::id, 1
std::locale, 3
std::is_integral, 7
std::tuple, 21
std::is_base_of, 5
std::array, 6
std::allocator, 4
std::chrono::time_point, 2
std::unique_ptr, 40
std::remove_cv, 1
std::char_traits, 1
std::set, 5
