total STD functions, total function uses, total STD classes, total class uses
133, 1906, 15, 225

STD function name, use count
std::stack::pop, 1
std::basic_ifstream::basic_ifstream, 2
std::basic_string::compare, 4
std::basic_string::size, 34
std::basic_fstream::open, 2
std::map::find, 22
std::basic_string::insert, 2
std::basic_string::c_str, 105
std::basic_ofstream::open, 2
std::basic_string::data, 6
std::vector::operator[], 9
std::basic_string::find_first_not_of, 10
std::basic_string::resize, 7
std::basic_string::substr, 37
std::map::clear, 2
std::find_if, 10
std::basic_string::rfind, 2
std::_Rb_tree_const_iterator::operator->, 11
std::sort, 9
std::basic_fstream::close, 2
std::queue::empty, 2
std::_Rb_tree_const_iterator::operator==, 1
std::vector::push_back, 33
std::basic_string::append, 12
std::range_error::range_error, 3
std::_Rb_tree_iterator::operator==, 3
std::basic_string::assign, 2
std::getline, 7
std::runtime_error::runtime_error, 1
std::basic_string::replace, 6
std::pair::operator=, 28
std::basic_string::empty, 105
std::queue::pop, 2
std::basic_string::basic_string, 54
std::basic_fstream::is_open, 2
std::basic_istream::operator>>, 4
std::basic_string::length, 18
std::_Rb_tree_iterator::operator!=, 9
std::map::operator[], 56
std::map::begin, 3
std::replace, 2
std::vector::erase, 1
std::pair::pair, 31
std::basic_string::operator+=, 28
std::basic_string::clear, 1
std::swap, 2
std::vector::empty, 1
std::operator<<, 223
std::operator<, 2
std::stack::top, 2
std::queue::push, 2
std::queue::size, 2
std::basic_ostream::operator<<, 152
std::basic_ostringstream::str, 9
std::map::empty, 5
std::operator==, 117
std::make_pair, 1
std::basic_istringstream::basic_istringstream, 3
std::basic_string::find_last_of, 9
std::operator!=, 9
std::basic_ios::operator void *, 5
std::stack::push, 1
std::vector::clear, 6
std::basic_ifstream::rdbuf, 2
std::find, 12
std::basic_string::erase, 1
std::_Rb_tree_iterator::operator++, 3
std::map::insert, 4
std::map::size, 2
std::vector::size, 22
std::_Rb_tree_iterator::operator->, 6
std::operator+, 86
std::map::end, 23
std::basic_string::begin, 19
std::basic_string::operator[], 77
std::basic_string::end, 42
std::_Rb_tree_const_iterator::operator!=, 10
std::queue::front, 2
std::vector::begin, 47
std::basic_ofstream::close, 2
std::basic_ofstream::basic_ofstream, 2
std::basic_string::operator=, 190
std::basic_stringstream::basic_stringstream, 4
std::vector::end, 46
std::_Rb_tree_const_iterator::operator=, 7
std::basic_string::find, 30
std::basic_stringstream::str, 4
std::basic_string::find_first_of, 9
std::max, 5
std::stack::empty, 3
std::vector::insert, 2

STD class name, use count
std::vector, 92
std::bidirectional_iterator_tag, 1
std::ios_base, 4
std::exception, 46
std::less, 1
std::map, 43
std::queue, 3
std::multiset, 3
std::ctype_base, 12
std::range_error, 3
std::pair, 12
std::runtime_error, 1
std::equal_to, 2
std::set, 1
std::stack, 1
