total STD functions, total function uses, total STD classes, total class uses
670, 18286, 50, 6044

STD function name, use count
std::_Deque_iterator::operator=, 1
std::basic_ifstream::basic_ifstream, 3
std::__detail::_Node_const_iterator::operator++, 10
std::unordered_set::empty, 1
std::terminate, 14
std::basic_istream::getline, 4
std::_Bit_iterator::operator*, 1
std::_Rb_tree_const_iterator::operator*, 44
std::set::count, 1
std::type_info::name, 3
std::uniform_real_distribution::operator(), 2
std::deque::clear, 10
std::shared_ptr::operator=, 39
std::_Deque_iterator::operator--, 1
std::basic_ios::exceptions, 3
std::shared_ptr::shared_ptr, 141
std::unique_ptr::operator[], 1
std::set::~set, 1
std::_List_iterator::operator->, 25
std::_List_iterator::_List_iterator, 26
std::distance, 3
std::deque::insert, 1
std::_Rb_tree_const_iterator::operator++, 55
std::multimap::begin, 6
std::set::size, 3
std::set::end, 47
std::set::clear, 7
std::deque::size, 10
std::mem_fun_t::operator(), 1
std::_Rb_tree_iterator::operator==, 11
std::reverse_iterator::base, 2
std::set_new_handler, 2
std::stable_sort, 5
std::basic_string::push_back, 21
std::runtime_error::runtime_error, 8
std::equal_range, 6
std::__detail::_Node_iterator::operator->, 55
std::_Rb_tree_iterator::operator*, 12
std::vector::~vector, 20
std::operator|, 3
std::unordered_map::swap, 1
std::basic_string::basic_string, 101
std::back_insert_iterator::operator=, 2
std::unordered_set::end, 7
std::basic_string::length, 36
std::unique_ptr::reset, 45
std::list::insert, 9
std::vector::erase, 58
std::remove, 3
std::basic_ios::fill, 1
std::list::size, 41
std::any_of, 1
std::set::erase, 12
std::operator<, 1
std::reverse_iterator::operator->, 3
std::lexicographical_compare, 1
std::mersenne_twister_engine::seed, 3
std::basic_ostringstream::str, 8
std::vector::reserve, 49
std::fill_n, 4
std::operator!=, 44
std::list::end, 167
std::__detail::_Node_iterator::operator*, 2
std::_Rb_tree_const_iterator::operator--, 1
std::_List_const_iterator::operator=, 4
std::deque::end, 9
std::map::insert, 30
std::_List_iterator::operator*, 137
std::_Deque_iterator::operator+, 1
std::unique_ptr::operator->, 193
std::chrono::operator-, 1
std::basic_stringstream::basic_stringstream, 1
std::_Rb_tree_const_iterator::operator=, 15
std::set::begin, 28
std::basic_stringstream::str, 31
std::pair::~pair, 3
std::vector::rend, 21
std::back_insert_iterator::operator++, 2
std::list::sort, 6
std::stack::pop, 31
std::vector::rbegin, 23
std::basic_ofstream::is_open, 8
std::negate::negate, 1
std::rotate, 2
std::list::remove, 9
std::__detail::_Node_const_iterator::operator=, 5
std::ios_base::sync_with_stdio, 1
std::basic_istream::tellg, 1
std::unordered_map::end, 47
std::basic_string::data, 2
std::list::rbegin, 1
std::basic_string::find_first_not_of, 1
std::basic_ifstream::is_open, 6
std::vector::back, 92
std::_List_iterator::operator!=, 118
std::set::rend, 2
std::list::swap, 1
std::_List_const_iterator::_List_const_iterator, 8
std::_List_iterator::operator++, 94
std::basic_ifstream::close, 5
std::basic_string::substr, 24
std::vector::at, 9
std::basic_string::rfind, 5
std::sort, 37
std::abs, 52
std::function::operator _Bool, 3
std::_List_const_iterator::operator++, 34
std::basic_string::append, 38
std::basic_string::find_last_not_of, 1
std::list::pop_front, 20
std::basic_string::assign, 6
std::for_each, 29
std::basic_string::replace, 4
std::basic_ios::clear, 2
std::map::map, 7
std::vector::swap, 23
std::bind2nd, 2
std::_Rb_tree_iterator::operator!=, 48
std::map::begin, 41
std::_List_iterator::operator=, 49
std::pair::pair, 19
std::queue::queue, 1
std::unordered_map::size, 4
std::deque::deque, 7
std::__shared_ptr::operator _Bool, 55
std::list::push_back, 155
std::operator>>, 85
std::vector::empty, 268
std::swap, 110
std::deque::empty, 25
std::operator<<, 5585
std::set::empty, 9
std::stack::top, 44
std::copy, 36
std::deque::push_back, 14
std::basic_ostream::operator<<, 208
std::map::empty, 9
std::move, 3
std::accumulate, 5
std::__detail::operator==, 18
std::vector::front, 15
std::list::clear, 21
std::find, 52
std::list::erase, 18
std::__detail::_Node_const_iterator::operator->, 29
std::_Rb_tree_iterator::operator++, 29
std::list::begin, 157
std::_Rb_tree_iterator::operator->, 34
std::operator+, 77
std::basic_ios::good, 3
std::multimap::insert, 6
std::ios_base::width, 1
std::basic_string::operator[], 28
std::make_shared, 34
std::_Rb_tree_const_iterator::operator!=, 81
std::_Bit_iterator::operator++, 1
std::vector::begin, 907
std::basic_ofstream::basic_ofstream, 4
std::basic_string::operator=, 104
std::function::operator(), 2
std::unordered_multimap::equal_range, 1
std::is_sorted, 1
std::min, 123
std::setw, 8
std::lower_bound, 10
std::queue::~queue, 2
std::vector::insert, 37
std::list::front, 22
std::stack::empty, 48
std::ostream_iterator::ostream_iterator, 1
std::advance, 8
std::mem_fun, 3
std::_Rb_tree_const_iterator::_Rb_tree_const_iterator, 18
std::set::insert, 891
std::multimap::equal_range, 2
std::list::back, 18
std::__shared_ptr::operator*, 71
std::basic_string::size, 18
std::_List_iterator::operator==, 4
std::basic_string::insert, 2
std::deque::back, 6
std::vector::pop_back, 31
std::unordered_map::operator[], 19
std::_Bit_reference::operator=, 5
std::map::count, 1
std::fpos::operator long, 1
std::basic_ostream::tellp, 2
std::basic_string::reserve, 3
std::set::find, 17
std::set::rbegin, 2
std::fill, 1
std::__shared_ptr::get, 88
std::find_if, 10
std::_List_const_iterator::operator==, 1
std::uniform_int_distribution::uniform_int_distribution, 2
std::forward, 15
std::__detail::operator!=, 37
std::_Rb_tree_iterator::operator=, 7
std::__detail::_Node_iterator::_Node_iterator, 4
std::_Rb_tree_const_iterator::operator->, 54
std::binary_search, 1
std::unordered_map::empty, 3
std::vector::resize, 61
std::multimap::empty, 1
std::unordered_map::~unordered_map, 4
std::queue::empty, 6
std::_Rb_tree_const_iterator::operator==, 16
std::map::swap, 1
std::vector::push_back, 697
std::vector::vector, 308
std::unordered_map::find, 40
std::unordered_map::insert, 9
std::unique_ptr::operator=, 2
std::unordered_set::find, 2
std::vector::cbegin, 1
std::unordered_map::erase, 1
std::multimap::size, 1
std::_Deque_iterator::_Deque_iterator, 6
std::basic_string::empty, 13
std::basic_istream::putback, 4
std::queue::pop, 6
std::deque::front, 3
std::equal, 5
std::inserter, 2
std::map::operator[], 81
std::isfinite, 8
std::__detail::_Node_iterator::operator++, 1
std::basic_ostringstream::basic_ostringstream, 1
std::basic_string::clear, 6
std::reverse_iterator::operator++, 27
std::_Bit_const_iterator::operator++, 1
std::queue::push, 6
std::basic_istream::ignore, 1
std::unique_ptr::get, 42
std::transform, 11
std::operator==, 303
std::vector::operator=, 50
std::make_pair, 25
std::basic_string::find_last_of, 2
std::unique_ptr::operator*, 50
std::vector::clear, 227
std::list::~list, 3
std::deque::pop_front, 7
std::unique_ptr::operator _Bool, 47
std::deque::erase, 2
std::mem_fun_ref, 1
std::numeric_limits::max, 32
std::basic_string::erase, 4
std::map::size, 4
std::basic_istream::get, 8
std::vector::size, 607
std::multimap::find, 1
std::basic_istream::seekg, 4
std::upper_bound, 3
std::function::function, 4
std::numeric_limits::epsilon, 1
std::stack::stack, 1
std::numeric_limits::infinity, 2
std::basic_ofstream::close, 4
std::set::swap, 1
std::vector::end, 877
std::map::~map, 3
std::max, 154
std::multimap::end, 6
std::uniform_int_distribution::operator(), 2
std::list::pop_back, 4
std::fpos::fpos, 2
std::basic_string::compare, 23
std::back_insert_iterator::operator*, 2
std::list::empty, 51
std::list::push_front, 13
std::vector::assign, 1
std::unordered_set::insert, 3
std::negate::operator(), 1
std::unordered_set::begin, 3
std::_Bit_const_iterator::operator*, 1
std::set::set, 8
std::map::find, 59
std::_List_const_iterator::operator!=, 27
std::basic_string::c_str, 59
std::basic_ios::eof, 7
std::reverse_iterator::operator=, 1
std::list::operator=, 5
std::_Deque_iterator::operator++, 6
std::vector::operator[], 737
std::map::operator=, 5
std::none_of, 5
std::stack::size, 9
std::to_string, 2
std::map::clear, 6
std::unordered_map::unordered_map, 1
std::list::rend, 1
std::__shared_ptr::reset, 57
std::deque::begin, 9
std::unique, 5
std::vector::cend, 1
std::deque::pop_back, 3
std::map::rbegin, 1
std::vector::data, 1
std::unique_ptr::release, 34
std::_List_const_iterator::operator*, 25
std::reverse_iterator::reverse_iterator, 7
std::__shared_ptr::operator->, 248
std::random_device::operator(), 1
std::_Rb_tree_iterator::_Rb_tree_iterator, 7
std::list::list, 21
std::getline, 13
std::basic_istream::read, 1
std::__detail::_Node_const_iterator::operator*, 4
std::type_info::operator==, 10
std::back_inserter, 5
std::pair::operator=, 33
std::_List_const_iterator::operator->, 3
std::_List_iterator::operator--, 2
std::invalid_argument::invalid_argument, 1
std::basic_string::operator+=, 31
std::chrono::_V2::system_clock::now, 2
std::chrono::operator/, 1
std::deque::operator[], 65
std::queue::size, 4
std::deque::~deque, 3
std::deque::push_front, 8
std::basic_istringstream::basic_istringstream, 5
std::list::splice, 4
std::__detail::_Node_iterator::operator=, 9
std::stack::push, 41
std::map::erase, 9
std::basic_ifstream::rdbuf, 1
std::_Bit_reference::operator _Bool, 4
std::map::end, 87
std::basic_string::begin, 6
std::setfill, 6
std::reverse_iterator::operator*, 21
std::basic_string::end, 5
std::queue::front, 6
std::back_insert_iterator::back_insert_iterator, 1
std::bad_alloc::bad_alloc, 12
std::basic_string::find, 41
std::unique_ptr::unique_ptr, 106
std::priority_queue::priority_queue, 2
std::type_info::type_info, 6
std::uniform_real_distribution::uniform_real_distribution, 2
std::unordered_map::begin, 5
std::_Deque_iterator::operator*, 6

STD class name, use count
std::numeric_limits, 42
std::valarray, 1
std::deque, 88
std::bidirectional_iterator_tag, 1
std::basic_ostream, 40
std::invalid_argument, 1
std::list, 356
std::bad_alloc, 13
std::uniform_int_distribution, 2
std::unordered_multimap, 1
std::enable_shared_from_this, 2
std::exception, 26
std::less, 4
std::queue, 15
std::default_delete, 3
std::enable_if, 2
std::underlying_type, 54
std::shared_ptr, 318
std::binary_function, 58
std::unary_function, 129
std::is_unsigned, 1
std::multimap, 11
std::basic_string, 1
std::remove_const, 2
std::nothrow_t, 4
std::map, 141
std::add_const, 1
std::pair, 148
std::runtime_error, 13
std::vector, 3385
std::type_info, 177
std::iterator, 2
std::function, 15
std::output_iterator_tag, 2
std::ios_base, 5
std::is_signed, 1
std::unordered_map, 69
std::multiset, 9
std::unordered_set, 13
std::stack, 39
std::mem_fun_t, 5
std::back_insert_iterator, 3
std::uniform_real_distribution, 2
std::allocator, 7
std::priority_queue, 1
std::out_of_range, 1
std::random_device, 1
std::unique_ptr, 456
std::equal_to, 3
std::set, 370
