total STD functions, total function uses, total STD classes, total class uses
95, 775, 11, 74

STD function name, use count
std::list::sort, 3
std::set::insert, 11
std::list::empty, 5
std::list::back, 1
std::basic_string::size, 9
std::list::remove, 2
std::set::set, 1
std::remove_copy, 1
std::map::find, 8
std::_Rb_tree_const_iterator::operator*, 2
std::basic_string::c_str, 58
std::basic_string::data, 2
std::bitset::operator[], 98
std::vector::operator[], 55
std::vector::back, 3
std::_List_iterator::operator!=, 9
std::_List_iterator::operator++, 9
std::set::find, 6
std::map::clear, 1
std::fill, 3
std::_Rb_tree_iterator::operator=, 4
std::_List_iterator::operator->, 30
std::_Rb_tree_const_iterator::operator==, 1
std::vector::push_back, 35
std::vector::vector, 1
std::set::size, 2
std::set::end, 7
std::basic_string::append, 1
std::set::clear, 1
std::_Rb_tree_iterator::operator==, 5
std::runtime_error::runtime_error, 2
std::basic_string::empty, 2
std::basic_string::basic_string, 21
std::invalid_argument::invalid_argument, 1
std::basic_istream::operator>>, 1
std::_Rb_tree_iterator::operator!=, 3
std::map::operator[], 27
std::map::begin, 1
std::vector::erase, 1
std::_List_iterator::operator=, 11
std::basic_string::operator+=, 1
std::list::push_back, 1
std::list::size, 4
std::set::erase, 1
std::vector::empty, 26
std::out_of_range::out_of_range, 1
std::operator<<, 6
std::basic_ostream::operator<<, 3
std::operator==, 5
std::map::empty, 1
std::basic_ios::operator!, 1
std::bitset::operator=, 1
std::bitset::reference::operator=, 49
std::list::end, 9
std::vector::clear, 11
std::map::erase, 2
std::vector::front, 7
std::list::erase, 2
std::map::size, 1
std::_Rb_tree_iterator::operator++, 1
std::basic_string::erase, 1
std::vector::size, 28
std::list::begin, 9
std::bitset::bitset, 1
std::basic_istream::get, 1
std::_Rb_tree_iterator::operator->, 11
std::operator+, 4
std::map::end, 8
std::basic_string::begin, 2
std::basic_string::operator[], 1
std::basic_string::end, 2
std::_Rb_tree_const_iterator::operator!=, 6
std::vector::begin, 2
std::basic_string::operator=, 23
std::basic_stringstream::basic_stringstream, 1
std::map::~map, 1
std::vector::end, 1
std::min, 13
std::set::begin, 1
std::basic_string::find, 2
std::bitset::reference::operator _Bool, 49
std::max, 20
std::char_traits::eof, 1
std::list::front, 10

STD class name, use count
std::vector, 40
std::invalid_argument, 1
std::list, 10
std::bitset, 1
std::exception, 3
std::map, 9
std::out_of_range, 1
std::pair, 1
std::runtime_error, 2
std::char_traits, 1
std::set, 5
