total STD functions, total function uses, total STD classes, total class uses
22, 70, 3, 5

STD function name, use count
std::vector::clear, 3
std::map::erase, 1
std::_Rb_tree_const_iterator::operator->, 2
std::basic_string::basic_string, 3
std::map::begin, 1
std::vector::size, 6
std::strstr, 1
std::vector::erase, 3
std::operator+, 1
std::_Rb_tree_const_iterator::operator++, 1
std::map::find, 1
std::map::end, 2
std::basic_string::operator+=, 4
std::vector::push_back, 2
std::basic_string::c_str, 6
std::vector::empty, 4
std::_Rb_tree_const_iterator::operator!=, 2
std::vector::begin, 12
std::numeric_limits::quiet_NaN, 1
std::vector::end, 12
std::basic_string::empty, 2

STD class name, use count
std::numeric_limits, 1
std::vector, 3
std::map, 1
