total STD functions, total function uses, total STD classes, total class uses
222, 1829, 12, 110

STD function name, use count
std::sin, 43
std::basic_ostream::put, 50
std::complex::complex, 25
std::set::insert, 2
std::basic_ifstream::basic_ifstream, 3
std::arg, 1
std::list::back, 2
std::basic_string::size, 16
std::_List_iterator::operator==, 1
std::strchr, 1
std::basic_istream::getline, 2
std::basic_string::insert, 4
std::ios_base::precision, 1
std::bitset::reset, 1
std::basic_string::resize, 2
std::fpos::operator long, 3
std::basic_ostream::tellp, 2
std::_Rb_tree_const_iterator::operator->, 2
std::norm, 1
std::vector::resize, 6
std::bitset::set, 1
std::_Rb_tree_const_iterator::operator++, 3
std::complex::operator*=, 14
std::vector::push_back, 40
std::vector::vector, 5
std::multimap::begin, 2
std::set::end, 2
std::ceil, 2
std::basic_string::empty, 27
std::queue::pop, 1
std::operator|, 2
std::floor, 12
std::basic_string::basic_string, 41
std::basic_string::length, 30
std::map::operator[], 1
std::vector::erase, 1
std::list::size, 1
std::basic_string::clear, 9
std::operator<, 2
std::queue::push, 1
std::basic_istream::ignore, 1
std::setprecision, 20
std::transform, 4
std::operator==, 7
std::tanh, 4
std::basic_string::find_last_of, 5
std::operator!=, 2
std::basic_ios::operator void *, 1
std::list::end, 16
std::vector::clear, 4
std::conj, 2
std::fmod, 2
std::numeric_limits::max, 1
std::basic_string::erase, 2
std::map::size, 1
std::vector::size, 17
std::basic_istream::get, 1
std::basic_istream::seekg, 2
std::_List_iterator::operator*, 28
std::resetiosflags, 8
std::operator*, 29
std::istreambuf_iterator::istreambuf_iterator, 2
std::basic_ofstream::close, 2
std::basic_stringstream::basic_stringstream, 3
std::vector::end, 7
std::set::begin, 2
std::basic_stringstream::str, 5
std::max, 40
std::multimap::end, 1
std::list::pop_back, 2
std::stack::pop, 2
std::basic_string::compare, 1
std::list::empty, 6
std::list::remove, 1
std::basic_istream::tellg, 1
std::polar, 4
std::basic_string::c_str, 87
std::pow, 7
std::basic_ios::eof, 2
std::bitset::operator[], 1
std::vector::operator[], 29
std::_List_iterator::operator!=, 14
std::basic_ostream::seekp, 2
std::sqrt, 5
std::_List_iterator::operator++, 14
std::complex::imag, 9
std::basic_ifstream::close, 2
std::basic_string::substr, 19
std::basic_ios::fail, 4
std::map::clear, 2
std::basic_ifstream::open, 1
std::basic_string::rfind, 2
std::sort, 2
std::abs, 39
std::log, 9
std::strstr, 3
std::cos, 27
std::basic_string::append, 10
std::operator-, 4
std::getline, 1
std::basic_istream::read, 1
std::fabs, 18
std::basic_istream::operator>>, 4
std::_Rb_tree_iterator::operator!=, 1
std::map::begin, 4
std::_List_iterator::operator=, 2
std::pair::pair, 1
std::basic_string::operator+=, 18
std::list::push_back, 3
std::operator/, 13
std::swap, 3
std::operator<<, 251
std::multimap::erase, 1
std::stack::top, 2
std::queue::size, 1
std::map::upper_bound, 2
std::basic_ostream::operator<<, 149
std::stack::push, 1
std::complex::operator+=, 12
std::complex::real, 12
std::vector::front, 3
std::list::clear, 2
std::list::erase, 1
std::_Rb_tree_iterator::operator++, 1
std::list::begin, 14
std::operator+, 86
std::_Rb_tree_iterator::operator->, 7
std::multimap::insert, 1
std::basic_ios::good, 1
std::map::end, 1
std::basic_string::begin, 8
std::complex::operator/=, 1
std::basic_string::operator[], 64
std::basic_string::end, 4
std::_Rb_tree_const_iterator::operator!=, 3
std::queue::front, 1
std::vector::begin, 8
std::basic_ofstream::basic_ofstream, 2
std::complex::operator=, 40
std::basic_string::operator=, 78
std::min, 71
std::basic_string::find, 6
std::exp, 14
std::bitset::reference::operator _Bool, 1
std::complex::~complex, 13
std::stack::empty, 2
std::log2, 1

STD class name, use count
std::numeric_limits, 3
std::vector, 19
std::multimap, 2
std::list, 18
std::complex, 39
std::bitset, 1
std::exception, 8
std::istreambuf_iterator, 1
std::map, 7
std::queue, 1
std::set, 10
std::stack, 1
