total STD functions, total function uses, total STD classes, total class uses
73, 2008, 8, 45

STD function name, use count
std::stack::pop, 1
std::_List_iterator::operator--, 1
std::basic_string::basic_string, 16
std::basic_string::size, 5
std::map::operator[], 29
std::map::begin, 1
std::_List_iterator::operator=, 1
std::auto_ptr::operator auto_ptr_ref<type-parameter-1-0>, 13
std::basic_string::operator+=, 10
std::_List_const_iterator::operator!=, 1
std::map::find, 4
std::basic_string::clear, 1
std::auto_ptr::get, 4
std::basic_string::c_str, 117
std::basic_string::data, 4
std::vector::empty, 2
std::auto_ptr::reset, 8
std::operator<<, 934
std::vector::operator[], 55
std::stack::top, 1
std::_List_iterator::operator!=, 4
std::_List_iterator::operator++, 4
std::basic_ostream::operator<<, 446
std::operator==, 5
std::vector::operator=, 2
std::make_pair, 1
std::map::clear, 1
std::auto_ptr::operator=, 6
std::vector::clear, 4
std::_Rb_tree_const_iterator::operator->, 17
std::vector::resize, 13
std::vector::size, 25
std::_Rb_tree_const_iterator::operator==, 2
std::operator+, 40
std::_Rb_tree_const_iterator::operator++, 1
std::_List_const_iterator::operator++, 1
std::map::end, 5
std::vector::push_back, 8
std::vector::vector, 5
std::basic_string::operator[], 1
std::_List_iterator::operator*, 6
std::_List_const_iterator::operator*, 2
std::stack::stack, 1
std::_Rb_tree_const_iterator::operator!=, 3
std::basic_string::operator=, 52
std::auto_ptr::operator->, 106
std::min, 3
std::max, 3
std::auto_ptr::operator*, 8
std::auto_ptr::auto_ptr, 13
std::stack::empty, 1
std::basic_string::empty, 11

STD class name, use count
std::vector, 23
std::list, 1
std::allocator, 1
std::exception, 1
std::map, 3
std::pair, 1
std::auto_ptr, 14
std::stack, 1
