total STD functions, total function uses, total STD classes, total class uses
423, 7507, 17, 1479

STD function name, use count
std::basic_ifstream::basic_ifstream, 1
std::_Rb_tree_iterator::operator--, 1
std::basic_string::size, 1
std::map::rend, 1
std::_Rb_tree_const_iterator::operator*, 16
std::bitset::reset, 2
std::type_info::name, 5
std::vector::pop_back, 3
std::_Bit_reference::operator=, 9
std::basic_string::resize, 1
std::fpos::operator long, 1
std::set_difference, 4
std::_Rb_tree_iterator::operator=, 55
std::_Rb_tree_const_iterator::operator->, 5
std::vector::resize, 35
std::pop_heap, 3
std::bitset::set, 1
std::queue::empty, 3
std::distance, 1
std::_Rb_tree_const_iterator::operator==, 2
std::vector::vector, 34
std::vector::push_back, 191
std::_Rb_tree_iterator::operator==, 17
std::basic_string::push_back, 1
std::runtime_error::runtime_error, 8
std::basic_string::empty, 4
std::_Rb_tree_iterator::operator*, 151
std::queue::pop, 3
std::operator|, 18
std::floor, 10
std::basic_string::basic_string, 128
std::inserter, 1
std::basic_string::length, 8
std::map::operator[], 45
std::vector::erase, 4
std::list::size, 3
std::reverse_iterator::operator++, 1
std::operator<, 600
std::queue::push, 12
std::operator==, 617
std::vector::operator=, 11
std::make_pair, 15
std::vector::reserve, 22
std::basic_string::find_last_of, 1
std::operator>=, 88
std::operator!=, 1738
std::basic_ios::operator void *, 2
std::list::end, 23
std::vector::clear, 81
std::make_heap, 2
std::deque::pop_front, 2
std::_Rb_tree_const_iterator::operator--, 4
std::numeric_limits::max, 21
std::map::insert, 20
std::map::size, 18
std::basic_string::erase, 1
std::vector::size, 286
std::basic_istream::seekg, 2
std::numeric_limits::epsilon, 2
std::_List_iterator::operator*, 33
std::basic_ofstream::close, 2
std::bitset::test, 1
std::vector::end, 84
std::push_heap, 3
std::max, 45
std::operator<=, 42
std::bitset::none, 1
std::stack::pop, 4
std::basic_string::compare, 6
std::list::remove, 2
std::basic_istream::tellg, 1
std::map::find, 46
std::basic_string::c_str, 64
std::pow, 18
std::basic_ofstream::open, 1
std::bitset::operator[], 5
std::vector::operator[], 582
std::_List_iterator::operator!=, 23
std::vector::back, 13
std::sqrt, 6
std::_List_iterator::operator++, 23
std::basic_ifstream::close, 1
std::basic_string::substr, 5
std::basic_ios::fail, 1
std::map::clear, 18
std::vector::at, 13
std::sort, 30
std::log, 6
std::unique, 3
std::map::rbegin, 1
std::min_element, 4
std::operator-, 97
std::list::list, 5
std::numeric_limits::min, 1
std::bitset::operator==, 1
std::basic_istream::read, 1
std::pair::operator=, 9
std::back_inserter, 2
std::map::map, 4
std::fabs, 8
std::vector::swap, 4
std::_Rb_tree_iterator::operator!=, 97
std::map::begin, 73
std::_List_iterator::operator=, 18
std::pair::pair, 12
std::basic_string::operator+=, 6
std::list::push_back, 17
std::out_of_range::out_of_range, 3
std::vector::empty, 18
std::swap, 157
std::operator<<, 323
std::deque::empty, 2
std::stack::top, 6
std::basic_ostream::operator<<, 104
std::map::upper_bound, 4
std::deque::push_back, 10
std::map::empty, 1
std::max_element, 4
std::stack::push, 5
std::map::erase, 6
std::vector::front, 1
std::basic_string::~basic_string, 2
std::list::clear, 6
std::exception::exception, 1
std::_Rb_tree_iterator::operator++, 80
std::list::begin, 24
std::_Bit_reference::operator _Bool, 18
std::operator>, 359
std::operator+, 185
std::_Rb_tree_iterator::operator->, 5
std::map::end, 123
std::basic_string::begin, 1
std::reverse_iterator::operator*, 2
std::operator&, 81
std::basic_string::operator[], 6
std::basic_string::end, 1
std::_Rb_tree_const_iterator::operator!=, 7
std::queue::front, 5
std::vector::begin, 82
std::basic_string::operator=, 28
std::min, 38
std::basic_string::find, 6
std::bitset::count, 1
std::lower_bound, 7
std::vector::insert, 4
std::stack::empty, 4

STD class name, use count
std::numeric_limits, 28
std::deque, 2
std::vector, 1105
std::type_info, 1
std::list, 90
std::bad_alloc, 1
std::exception, 5
std::tr1::unordered_map, 1
std::queue, 5
std::stack, 5
std::unary_function, 1
std::bitset, 1
std::map, 124
std::out_of_range, 3
std::runtime_error, 8
std::pair, 94
std::set, 5
