total STD functions, total function uses, total STD classes, total class uses
364, 11705, 50, 1353

STD function name, use count
std::basic_ostream::put, 1
std::set::insert, 2
std::__shared_ptr::operator*, 1
std::list::back, 8
std::__detail::_Node_const_iterator::operator++, 1
std::basic_string::size, 124
std::atomic_bool::operator=, 3
std::basic_fstream::basic_fstream, 1
std::unordered_multimap::erase, 1
std::basic_fstream::open, 3
std::basic_istream::peek, 1
std::_Rb_tree_const_iterator::operator*, 4
std::system_category, 1
std::unordered_map::count, 2
std::basic_string::insert, 7
std::ios_base::precision, 1
std::set::count, 2
std::lock_guard::lock_guard, 43
std::vector::pop_back, 6
std::type_info::name, 2
std::unordered_map::operator[], 3
std::map::count, 2
std::shared_ptr::operator=, 1
std::fpos::operator long, 5
std::basic_string::resize, 16
std::__atomic_base::fetch_sub, 1
std::basic_ios::exceptions, 5
std::basic_ostream::tellp, 2
std::basic_string::reserve, 5
std::__atomic_base::operator++, 40
std::shared_ptr::shared_ptr, 1
std::find_if, 3
std::basic_string::back, 2
std::basic_istream::gcount, 2
std::uniform_int_distribution::uniform_int_distribution, 1
std::__detail::operator!=, 3
std::_Rb_tree_const_iterator::operator->, 5
std::vector::resize, 52
std::basic_fstream::close, 1
std::ios_base::failure::failure, 2
std::_Rb_tree_const_iterator::operator==, 1
std::_Rb_tree_const_iterator::operator++, 3
std::unordered_map::find, 5
std::vector::push_back, 151
std::vector::vector, 44
std::unique_ptr::operator=, 2
std::set::end, 2
std::thread::operator=, 2
std::_Rb_tree_iterator::operator==, 1
std::unordered_map::erase, 1
std::basic_string::push_back, 5
std::runtime_error::runtime_error, 38
std::basic_string::empty, 26
std::__detail::_Node_iterator::operator->, 3
std::_Rb_tree_iterator::operator*, 1
std::vector::~vector, 1
std::equal, 1
std::operator|, 13
std::basic_string::basic_string, 142
std::unordered_set::end, 1
std::basic_fstream::is_open, 1
std::basic_string::length, 24
std::map::operator[], 21
std::unique_ptr::reset, 12
std::vector::erase, 5
std::__detail::_Node_iterator::operator++, 1
std::replace, 2
std::remove, 2
std::basic_string::copy, 1
std::basic_string::clear, 3
std::this_thread::sleep_for, 34
std::list::size, 19
std::operator<, 1
std::chrono::time_point::time_since_epoch, 2
std::atomic_bool::operator _Bool, 3
std::unique_ptr::get, 7
std::chrono::duration_cast, 2
std::setprecision, 6
std::basic_ostringstream::str, 51
std::operator==, 86
std::vector::reserve, 4
std::vector::operator=, 12
std::make_pair, 6
std::basic_ios::operator!, 9
std::basic_string::pop_back, 2
std::atomic_bool::load, 1
std::mutex::lock, 1
std::operator!=, 11
std::reverse, 3
std::unique_ptr::operator*, 4
std::list::end, 8
std::basic_ios::operator void *, 1
std::vector::clear, 27
std::chrono::duration::duration, 35
std::basic_ostream::flush, 2
std::_Rb_tree_const_iterator::operator--, 2
std::chrono::_V2::steady_clock::now, 2
std::map::size, 1
std::basic_string::erase, 5
std::numeric_limits::max, 14
std::thread::detach, 1
std::basic_istream::get, 2
std::__atomic_base::operator type-parameter-0-0, 16
std::vector::size, 198
std::basic_istream::seekg, 4
std::unordered_set::count, 1
std::basic_string::capacity, 3
std::bind, 1
std::_List_iterator::operator*, 1
std::stoi, 8
std::atomic_bool::store, 1
std::unique_ptr::operator->, 8
std::istreambuf_iterator::istreambuf_iterator, 1
std::basic_ofstream::close, 1
std::basic_stringstream::basic_stringstream, 2
std::vector::end, 79
std::set::begin, 2
std::thread::join, 2
std::basic_stringstream::str, 742
std::max, 41
std::basic_ostream::write, 2
std::vector::rend, 1
std::uniform_int_distribution::operator(), 1
std::get, 9
std::__atomic_base::fetch_add, 9
std::addressof, 1
std::vector::rbegin, 1
std::mutex::unlock, 1
std::unordered_set::begin, 1
std::basic_istream::tellg, 5
std::map::find, 3
std::__atomic_base::store, 2
std::_List_const_iterator::operator!=, 1
std::unordered_map::end, 4
std::basic_string::c_str, 516
std::array::operator[], 5
std::basic_string::data, 42
std::basic_ios::eof, 2
std::basic_ofstream::open, 3
std::vector::operator[], 234
std::basic_ofstream::~basic_ofstream, 1
std::_List_iterator::operator!=, 1
std::vector::back, 8
std::list::swap, 2
std::_List_iterator::operator++, 1
std::basic_ifstream::close, 2
std::basic_string::substr, 28
std::__atomic_base::operator-=, 1
std::to_string, 10
std::basic_ios::fail, 5
std::vector::at, 2
std::basic_ifstream::open, 2
std::map::at, 1
std::array::size, 1
std::sort, 2
std::_List_const_iterator::operator++, 1
std::chrono::duration::count, 2
std::vector::data, 15
std::error_code::error_code, 1
std::basic_string::append, 32
std::__shared_ptr::operator->, 3
std::list::pop_front, 1
std::random_device::operator(), 1
std::ostreambuf_iterator::ostreambuf_iterator, 4
std::__atomic_base::operator=, 8
std::unordered_multimap::begin, 2
std::list::list, 2
std::basic_string::assign, 12
std::numeric_limits::min, 1
std::getline, 1
std::basic_ios::rdstate, 4
std::for_each, 7
std::basic_string::replace, 2
std::basic_istream::read, 7
std::condition_variable::notify_one, 1
std::__detail::_Node_const_iterator::operator*, 1
std::type_info::operator==, 1
std::back_inserter, 1
std::basic_ios::clear, 4
std::_List_const_iterator::operator->, 2
std::vector::swap, 2
std::_List_iterator::operator--, 3
std::_Rb_tree_iterator::operator!=, 2
std::basic_istream::operator>>, 3
std::map::begin, 3
std::thread::thread, 2
std::basic_string::operator+=, 26
std::list::push_back, 84
std::thread::hardware_concurrency, 3
std::operator>>, 4
std::swap, 14
std::vector::empty, 41
std::operator<<, 4809
std::copy, 3
std::map::upper_bound, 1
std::basic_ostream::operator<<, 1782
std::map::empty, 1
std::basic_istringstream::basic_istringstream, 5
std::list::splice, 2
std::move, 45
std::__detail::_Node_iterator::operator=, 2
std::unordered_multimap::emplace, 1
std::accumulate, 1
std::__detail::operator==, 3
std::vector::front, 16
std::list::clear, 1
std::find, 3
std::__detail::_Node_const_iterator::operator->, 3
std::_Rb_tree_iterator::operator++, 1
std::list::begin, 7
std::_Rb_tree_iterator::operator->, 1
std::operator+, 836
std::unordered_map::at, 2
std::basic_ios::good, 8
std::map::end, 6
std::basic_string::begin, 8
std::setfill, 8
std::mersenne_twister_engine::mersenne_twister_engine, 1
std::operator&, 1
std::basic_string::operator[], 28
std::unordered_multimap::end, 2
std::basic_string::end, 16
std::make_shared, 1
std::_Rb_tree_const_iterator::operator!=, 4
std::vector::begin, 81
std::__atomic_base::operator--, 71
std::basic_string::operator=, 235
std::unique_lock::unique_lock, 11
std::condition_variable::wait_for, 2
std::basic_ios::setstate, 4
std::unordered_multimap::equal_range, 1
std::atomic::atomic, 23
std::function::operator(), 1
std::min, 5
std::call_once, 4
std::basic_string::find, 12
std::setw, 39
std::unique_ptr::unique_ptr, 4
std::vector::insert, 7
std::__atomic_base::load, 15
std::list::front, 10
std::setbase, 3

STD class name, use count
std::numeric_limits, 23
std::mutex, 33
std::basic_ostream, 2
std::atomic, 22
std::invalid_argument, 8
std::list, 125
std::uniform_int_distribution, 1
std::unordered_multimap, 4
std::exception, 212
std::tuple_element, 4
std::is_standard_layout, 1
std::is_scalar, 1
std::enable_if, 6
std::error_code, 8
std::shared_ptr, 1
std::unary_function, 1
std::is_unsigned, 2
std::tr1::gtest_internal::TupleElement, 1
std::ostreambuf_iterator, 4
std::map, 10
std::is_same, 1
std::tr1::gtest_internal::SameSizeTuplePrefixComparator, 2
std::pair, 15
std::runtime_error, 37
std::condition_variable, 1
std::chrono::_V2::steady_clock, 2
std::vector, 567
std::function, 4
std::ios_base, 30
std::tuple_size, 2
std::unordered_map, 19
std::unique_lock, 11
std::unordered_set, 9
std::tr1::tuple_size, 3
std::recursive_mutex, 36
std::lock_guard, 44
std::is_integral, 3
std::tuple, 52
std::logic_error, 1
std::once_flag, 7
std::tr1::gtest_internal::Get, 2
std::ios_base::failure, 2
std::is_pod, 1
std::thread, 9
std::array, 3
std::istreambuf_iterator, 1
std::random_device, 1
std::unique_ptr, 14
std::remove_cv, 1
std::set, 4
