total STD functions, total function uses, total STD classes, total class uses
172, 764, 24, 153

STD function name, use count
std::set::insert, 12
std::map::find, 9
std::_List_const_iterator::operator!=, 1
std::set::operator=, 4
std::_Rb_tree_const_iterator::operator*, 2
std::basic_string::c_str, 13
std::lock_guard::lock_guard, 14
std::array::operator[], 132
std::vector::operator[], 12
std::vector::back, 7
std::_List_iterator::operator!=, 1
std::shared_ptr::operator=, 2
std::_List_iterator::operator++, 1
std::set::find, 3
std::basic_string::substr, 6
std::basic_string::at, 21
std::map::clear, 1
std::shared_ptr::shared_ptr, 2
std::map::at, 1
std::_Rb_tree_const_iterator::operator->, 3
std::sort, 3
std::abs, 19
std::vector::resize, 2
std::unique, 1
std::vector::cend, 7
std::_Rb_tree_const_iterator::operator==, 2
std::_Rb_tree_const_iterator::operator++, 4
std::_List_const_iterator::operator++, 1
std::vector::vector, 1
std::vector::push_back, 2
std::set::end, 4
std::_List_const_iterator::operator*, 1
std::thread::operator=, 1
std::operator-, 7
std::set::clear, 1
std::__shared_ptr::operator->, 64
std::vector::cbegin, 7
std::reverse_iterator::base, 1
std::condition_variable::notify_one, 1
std::basic_string::empty, 10
std::_Rb_tree_iterator::operator*, 5
std::vector::swap, 1
std::map::cend, 2
std::_Rb_tree_iterator::operator!=, 13
std::basic_string::length, 14
std::map::operator[], 17
std::list::crbegin, 1
std::map::begin, 6
std::vector::erase, 1
std::list::insert, 1
std::unique_lock::lock, 1
std::thread::thread, 1
std::pair::pair, 5
std::basic_string::operator+=, 17
std::__shared_ptr::operator _Bool, 6
std::list::push_back, 4
std::regex_constants::operator|, 1
std::reverse_iterator::operator++, 2
std::vector::empty, 12
std::set::erase, 2
std::swap, 2
std::operator<, 32
std::operator<<, 7
std::reverse_iterator::operator->, 1
std::map::cbegin, 2
std::log10, 1
std::basic_ostream::operator<<, 9
std::basic_ostringstream::str, 1
std::operator==, 18
std::map::empty, 1
std::vector::reserve, 5
std::make_pair, 1
std::operator!=, 1
std::list::end, 3
std::vector::clear, 4
std::map::erase, 2
std::list::clear, 1
std::end, 5
std::condition_variable::wait, 1
std::list::cbegin, 1
std::list::erase, 1
std::list::cend, 1
std::_Rb_tree_iterator::operator++, 6
std::list::begin, 2
std::vector::size, 9
std::_Rb_tree_iterator::operator->, 13
std::operator+, 1
std::list::crend, 1
std::map::end, 9
std::function::operator=, 2
std::make_shared, 3
std::_Rb_tree_const_iterator::operator!=, 5
std::unique_ptr::operator->, 6
std::vector::begin, 11
std::basic_string::operator=, 16
std::unique_lock::unique_lock, 2
std::function::operator(), 1
std::vector::end, 13
std::set::begin, 2
std::min, 20
std::basic_string::find, 1
std::vector::emplace_back, 4
std::basic_string::find_first_of, 5
std::max, 29
std::lower_bound, 3
std::unique_lock::unlock, 2

STD class name, use count
std::future, 1
std::vector, 25
std::mutex, 13
std::function, 3
std::list, 10
std::make_unsigned, 1
std::is_signed, 1
std::unique_lock, 4
std::basic_stringstream, 1
std::lock_guard, 16
std::recursive_mutex, 13
std::basic_istringstream, 2
std::enable_if, 2
std::shared_ptr, 15
std::is_unsigned, 1
std::basic_string, 1
std::thread, 4
std::array, 10
std::map, 10
std::pair, 9
std::unique_ptr, 3
std::condition_variable, 3
std::basic_ostringstream, 2
std::set, 3
