total STD functions, total function uses, total STD classes, total class uses
154, 965, 18, 336

STD function name, use count
std::mem_fun, 4
std::basic_string::compare, 1
std::basic_ifstream::basic_ifstream, 2
std::basic_ofstream::is_open, 1
std::vector::assign, 1
std::mutex::unlock, 5
std::basic_string::size, 6
std::basic_istream::tellg, 2
std::_List_const_iterator::operator!=, 2
std::map::find, 1
std::basic_ios::bad, 2
std::basic_string::insert, 1
std::basic_string::c_str, 51
std::basic_ofstream::open, 2
std::basic_ios::eof, 1
std::basic_string::data, 1
std::vector::operator[], 16
std::fpos::operator long, 2
std::basic_string::resize, 1
std::shared_ptr::operator=, 24
std::basic_ifstream::close, 2
std::basic_string::at, 2
std::map::clear, 1
std::__shared_ptr::get, 3
std::vector::at, 1
std::shared_ptr::shared_ptr, 17
std::basic_ifstream::open, 1
std::__shared_ptr::reset, 21
std::_Rb_tree_iterator::operator=, 1
std::_Rb_tree_const_iterator::operator->, 3
std::vector::cend, 2
std::_Rb_tree_const_iterator::operator++, 2
std::_List_const_iterator::operator++, 2
std::vector::vector, 3
std::vector::push_back, 25
std::_List_const_iterator::operator*, 1
std::basic_string::append, 2
std::__shared_ptr::operator->, 93
std::random_device::operator(), 1
std::vector::cbegin, 2
std::_Rb_tree_iterator::operator==, 1
std::auto_ptr::operator->, 3
std::getline, 1
std::runtime_error::runtime_error, 2
std::basic_istream::read, 2
std::auto_ptr::auto_ptr, 1
std::back_inserter, 1
std::basic_string::empty, 15
std::operator|, 4
std::_List_const_iterator::operator->, 1
std::basic_string::basic_string, 37
std::map::operator[], 1
std::map::begin, 2
std::replace, 2
std::vector::erase, 5
std::thread::thread, 1
std::basic_string::operator+=, 8
std::__shared_ptr::operator _Bool, 55
std::basic_string::clear, 1
std::list::push_back, 34
std::list::size, 1
std::auto_ptr::get, 1
std::swap, 26
std::operator<<, 81
std::copy, 1
std::basic_ostream::operator<<, 57
std::basic_ostringstream::str, 2
std::operator==, 11
std::make_pair, 2
std::vector::operator=, 1
std::basic_istringstream::basic_istringstream, 1
std::mutex::lock, 5
std::operator!=, 4
std::list::end, 3
std::vector::clear, 8
std::basic_ifstream::rdbuf, 1
std::map::insert, 1
std::map::size, 1
std::vector::size, 21
std::list::begin, 3
std::basic_istream::seekg, 4
std::operator+, 100
std::_Rb_tree_iterator::operator->, 1
std::basic_ios::good, 3
std::basic_string::begin, 2
std::dynamic_pointer_cast, 11
std::map::end, 3
std::mersenne_twister_engine::mersenne_twister_engine, 1
std::basic_string::operator[], 1
std::basic_string::end, 2
std::make_shared, 4
std::_Rb_tree_const_iterator::operator!=, 2
std::vector::begin, 32
std::unique_ptr::operator->, 1
std::basic_ofstream::basic_ofstream, 2
std::basic_string::operator=, 38
std::vector::end, 30
std::thread::join, 1
std::basic_string::find, 3
std::basic_stringstream::str, 1
std::basic_ostream::write, 1
std::vector::insert, 3

STD class name, use count
std::vector, 90
std::mutex, 2
std::function, 1
std::list, 25
std::bad_alloc, 1
std::ios_base, 2
std::enable_shared_from_this, 2
std::exception, 7
std::enable_if, 1
std::shared_ptr, 189
std::mem_fun_t, 1
std::thread, 1
std::map, 5
std::random_device, 1
std::unique_ptr, 1
std::runtime_error, 4
std::pair, 2
std::auto_ptr, 1
