total STD functions, total function uses, total STD classes, total class uses
214, 8366, 15, 162

STD function name, use count
std::less::less, 3
std::set::insert, 9
std::basic_ifstream::basic_ifstream, 1
std::set::operator=, 1
std::map::lower_bound, 3
std::basic_ios::bad, 2
std::_Rb_tree_const_iterator::operator*, 6
std::priority_queue::pop, 1
std::vector::pop_back, 1
std::fpos::operator long, 3
std::basic_ios::exceptions, 8
std::basic_ostream::tellp, 2
std::set::find, 2
std::find_if, 1
std::_Rb_tree_iterator::operator=, 2
std::_Rb_tree_const_iterator::operator->, 15
std::_List_iterator::operator->, 2
std::set::~set, 3
std::return_temporary_buffer, 4
std::queue::empty, 3
std::distance, 2
std::ios_base::failure::failure, 1
std::_Rb_tree_const_iterator::operator==, 1
std::_Rb_tree_const_iterator::operator++, 7
std::vector::vector, 10
std::vector::push_back, 93
std::set::end, 12
std::set::clear, 4
std::_Rb_tree_iterator::operator==, 1
std::reverse_iterator::base, 1
std::basic_streambuf::sungetc, 1
std::stable_sort, 1
std::basic_streambuf::sbumpc, 8
std::basic_string::empty, 23
std::vector::~vector, 6
std::queue::pop, 3
std::deque::front, 4
std::operator|, 6
std::basic_string::basic_string, 37
std::basic_string::length, 5
std::priority_queue::push, 3
std::map::operator[], 74
std::vector::erase, 5
std::map::key_comp, 3
std::basic_streambuf::sputc, 1
std::list::size, 1
std::reverse_iterator::operator++, 3
std::set::erase, 4
std::reverse_iterator::operator->, 3
std::queue::push, 12
std::basic_ostringstream::str, 26
std::operator==, 11
std::make_pair, 6
std::vector::reserve, 11
std::basic_ios::operator!, 1
std::operator!=, 5
std::list::end, 4
std::vector::clear, 8
std::list::~list, 1
std::deque::pop_front, 4
std::deque::end, 3
std::map::size, 5
std::map::insert, 5
std::vector::size, 24
std::upper_bound, 1
std::basic_istream::seekg, 2
std::priority_queue::~priority_queue, 1
std::_List_iterator::operator*, 7
std::tr1::__detail::_Map_base::operator[], 2
std::basic_ofstream::close, 3
std::map::~map, 3
std::vector::end, 41
std::_Rb_tree_const_iterator::operator=, 2
std::set::begin, 8
std::basic_stringstream::str, 2
std::basic_string::find_first_of, 1
std::max, 45
std::vector::rend, 1
std::basic_string::compare, 20
std::vector::rbegin, 1
std::list::empty, 3
std::basic_istream::tellg, 1
std::map::find, 3
std::basic_string::c_str, 35
std::basic_ios::rdbuf, 2
std::basic_ios::eof, 1
std::basic_ofstream::open, 3
std::reverse_iterator::operator=, 2
std::priority_queue::empty, 2
std::vector::operator[], 31
std::_Deque_iterator::operator++, 1
std::list::rbegin, 2
std::vector::back, 22
std::_List_iterator::operator!=, 4
std::_List_iterator::operator++, 4
std::basic_ifstream::close, 3
std::basic_string::substr, 3
std::basic_ios::fail, 1
std::map::clear, 5
std::vector::at, 3
std::basic_ifstream::open, 1
std::ios_base::flags, 24
std::list::rend, 4
std::sort, 13
std::deque::begin, 3
std::get_temporary_buffer, 2
std::basic_string::append, 2
std::list::pop_front, 2
std::getline, 1
std::for_each, 4
std::basic_string::replace, 1
std::less::operator(), 2
std::map::map, 1
std::basic_stringbuf::str, 14
std::vector::swap, 4
std::priority_queue::top, 3
std::_Rb_tree_iterator::operator!=, 8
std::map::begin, 9
std::_List_iterator::operator=, 2
std::basic_stringbuf::basic_stringbuf, 5
std::pair::pair, 4
std::basic_string::operator+=, 19
std::deque::deque, 2
std::list::push_back, 6
std::basic_ostringstream::rdbuf, 12
std::swap, 1
std::vector::empty, 9
std::operator<<, 4836
std::deque::empty, 5
std::set::empty, 2
std::deque::push_back, 3
std::basic_ostream::operator<<, 2232
std::map::empty, 1
std::basic_istringstream::basic_istringstream, 1
std::map::erase, 2
std::vector::front, 10
std::list::clear, 2
std::basic_streambuf::snextc, 3
std::_Rb_tree_iterator::operator++, 4
std::list::begin, 5
std::_Rb_tree_iterator::operator->, 21
std::operator+, 31
std::basic_ios::good, 3
std::map::end, 12
std::basic_string::begin, 3
std::reverse_iterator::operator*, 1
std::basic_string::operator[], 10
std::basic_string::end, 4
std::_Rb_tree_const_iterator::operator!=, 11
std::queue::front, 3
std::vector::begin, 44
std::random_shuffle, 14
std::basic_string::operator=, 39
std::min, 98
std::basic_string::find, 1
std::basic_streambuf::sgetc, 8
std::lower_bound, 2
std::list::front, 2
std::vector::insert, 2
std::_Deque_iterator::operator*, 1

STD class name, use count
std::binary_function, 17
std::deque, 1
std::vector, 62
std::unary_function, 2
std::list, 12
std::bad_alloc, 1
std::ios_base::failure, 1
std::ios_base, 21
std::tr1::unordered_map, 1
std::priority_queue, 1
std::map, 7
std::queue, 1
std::pair, 25
std::greater, 1
std::set, 9
