total STD functions, total function uses, total STD classes, total class uses
111, 716, 8, 123

STD function name, use count
std::set::insert, 3
std::basic_ofstream::is_open, 1
std::unordered_set::insert, 1
std::basic_string::size, 4
std::map::find, 1
std::set::operator=, 5
std::_Rb_tree_const_iterator::operator*, 1
std::unordered_map::end, 4
std::basic_string::c_str, 12
std::vector::pop_back, 1
std::unordered_map::operator[], 3
std::vector::operator[], 8
std::vector::back, 1
std::basic_string::reserve, 1
std::set::find, 3
std::basic_string::substr, 3
std::basic_string::back, 1
std::vector::at, 11
std::__detail::operator!=, 1
std::unordered_map::clear, 1
std::sort, 2
std::generate_n, 1
std::_Rb_tree_const_iterator::operator==, 1
std::_Rb_tree_const_iterator::operator++, 1
std::unordered_map::find, 3
std::vector::vector, 4
std::vector::push_back, 44
std::set::end, 8
std::set::clear, 1
std::__detail::_Node_iterator::operator->, 3
std::map::map, 1
std::equal, 1
std::basic_string::basic_string, 13
std::basic_string::length, 7
std::_Rb_tree_iterator::operator!=, 1
std::map::operator[], 2
std::unique_ptr::reset, 2
std::hash::operator(), 3
std::__detail::_Node_iterator::operator++, 1
std::remove_if, 2
std::basic_string::operator+=, 22
std::set::erase, 2
std::vector::empty, 2
std::operator<, 1
std::operator<<, 203
std::set::empty, 1
std::unique_ptr::get, 6
std::basic_ostringstream::str, 3
std::basic_ostream::operator<<, 66
std::transform, 2
std::operator==, 9
std::vector::operator=, 1
std::make_pair, 1
std::basic_string::find_last_of, 1
std::move, 6
std::operator!=, 1
std::__detail::operator==, 3
std::__detail::_Node_iterator::operator*, 1
std::find, 3
std::hash::hash, 3
std::basic_string::erase, 2
std::vector::size, 13
std::operator+, 101
std::basic_string::begin, 9
std::map::end, 1
std::basic_string::operator[], 3
std::basic_string::end, 6
std::_Rb_tree_const_iterator::operator!=, 5
std::vector::begin, 26
std::unique_ptr::operator->, 3
std::basic_ofstream::close, 1
std::basic_string::operator=, 4
std::vector::end, 25
std::set::begin, 3
std::unique_ptr::unique_ptr, 4
std::basic_string::find, 4
std::basic_stringstream::str, 1
std::unordered_map::begin, 1

STD class name, use count
std::vector, 99
std::exception, 5
std::unordered_map, 3
std::map, 1
std::unordered_set, 1
std::unique_ptr, 6
std::pair, 3
std::set, 5
