total STD functions, total function uses, total STD classes, total class uses
298, 1610, 43, 203

STD function name, use count
std::declval, 2
std::basic_ifstream::basic_ifstream, 1
std::basic_string::size, 14
std::basic_string::c_str, 42
std::pow, 1
std::basic_string::data, 8
std::__codecvt_abstract_base::out, 1
std::vector::pop_back, 1
std::char_traits::copy, 1
std::vector::back, 1
std::basic_string::resize, 17
std::basic_string::reserve, 3
std::basic_string::substr, 12
std::find_if, 2
std::basic_string::back, 1
std::locale::locale, 13
std::forward, 78
std::tolower, 1
std::vector::push_back, 2
std::basic_string::append, 8
std::operator-, 7
std::basic_string::assign, 6
std::getline, 3
std::basic_string::replace, 1
std::runtime_error::runtime_error, 1
std::condition_variable::notify_one, 1
std::basic_string::empty, 5
std::isspace, 1
std::deque::front, 6
std::bind2nd, 2
std::toupper, 1
std::basic_string::length, 5
std::basic_string::operator+=, 2
std::basic_string::clear, 3
std::vector::empty, 1
std::swap, 20
std::operator<, 178
std::deque::empty, 8
std::operator<<, 29
std::__codecvt_abstract_base::in, 1
std::use_facet, 9
std::transform, 4
std::deque::push_back, 2
std::operator==, 477
std::char_traits::length, 2
std::make_pair, 1
std::basic_string::find_last_of, 1
std::basic_ios::operator!, 1
std::move, 73
std::operator!=, 349
std::reverse, 1
std::__ctype_abstract_base::tolower, 2
std::basic_ios::operator void *, 2
std::deque::pop_front, 6
std::ctype::tolower, 2
std::basic_string::erase, 5
std::operator+, 19
std::operator>, 96
std::operator&, 18
std::basic_string::operator[], 1
std::vector::begin, 1
std::basic_string::operator=, 27
std::condition_variable::wait_for, 2
std::vector::end, 1
std::min, 4
std::basic_string::find, 6
std::vector::emplace_back, 1
std::max, 6
std::locale::classic, 1

STD class name, use count
std::deque, 5
std::mutex, 2
std::is_volatile, 3
std::add_rvalue_reference, 1
std::atomic, 1
std::exception, 2
std::tuple_element, 1
std::is_convertible, 1
std::collate, 4
std::conditional, 7
std::decay, 2
std::enable_if, 12
std::binary_function, 6
std::unary_function, 1
std::remove_reference, 11
std::is_rvalue_reference, 1
std::basic_string, 47
std::is_constructible, 1
std::codecvt, 1
std::is_same, 4
std::remove_pointer, 1
std::pair, 4
std::condition_variable, 1
std::runtime_error, 1
std::vector, 22
std::type_info, 3
std::is_reference, 2
std::function, 1
std::is_nothrow_constructible, 4
std::ctype, 4
std::is_floating_point, 2
std::unordered_map, 1
std::unique_lock, 1
std::locale, 19
std::lock_guard, 1
std::is_integral, 2
std::tuple, 1
std::_Mem_fn, 5
std::is_lvalue_reference, 3
std::common_type, 1
std::is_const, 2
std::chrono::duration, 1
std::remove_cv, 8
