total STD functions, total function uses, total STD classes, total class uses
365, 22611, 27, 9045

STD function name, use count
std::_Deque_iterator::operator=, 3
std::_Rb_tree_const_iterator::_Rb_tree_const_iterator, 2
std::less::less, 1
std::set::insert, 52
std::basic_ifstream::basic_ifstream, 6
std::multimap::equal_range, 1
std::basic_string::size, 61
std::_List_iterator::operator==, 2
std::basic_istream::peek, 2
std::set::operator=, 20
std::_Rb_tree_const_iterator::operator*, 97
std::ios_base::precision, 2
std::set::count, 5
std::type_info::name, 6
std::vector::pop_back, 15
std::_Bit_reference::operator=, 6
std::deque::clear, 4
std::fpos::operator long, 3
std::basic_string::resize, 3
std::shared_ptr::operator=, 5
std::basic_string::reserve, 1
std::set::find, 12
std::bad_cast::bad_cast, 1
std::deque::operator=, 1
std::set::rbegin, 5
std::basic_string::at, 4
std::find_if, 35
std::shared_ptr::shared_ptr, 17
std::basic_istream::gcount, 2
std::_Rb_tree_iterator::operator=, 2
std::_Rb_tree_const_iterator::operator->, 61
std::_List_iterator::operator->, 61
std::vector::resize, 40
std::distance, 6
std::_Rb_tree_const_iterator::operator==, 41
std::_Rb_tree_const_iterator::operator++, 107
std::vector::push_back, 2670
std::vector::vector, 354
std::linear_congruential_engine::linear_congruential_engine, 2
std::set::size, 3
std::set::end, 88
std::set::clear, 9
std::deque::size, 9
std::_Rb_tree_iterator::operator==, 17
std::multiset::insert, 3
std::basic_string::push_back, 3
std::runtime_error::runtime_error, 73
std::auto_ptr::auto_ptr, 1
std::basic_string::empty, 238
std::_Rb_tree_iterator::operator*, 8
std::operator|, 1
std::deque::front, 8
std::equal, 4
std::basic_string::basic_string, 440
std::basic_string::length, 5
std::map::operator[], 130
std::vector::erase, 44
std::remove, 1
std::remove_if, 4
std::basic_string::clear, 3
std::list::size, 1
std::reverse_iterator::operator++, 13
std::set::erase, 6
std::operator<, 9
std::reverse_iterator::operator->, 20
std::basic_istream::ignore, 1
std::setprecision, 4
std::basic_ostringstream::str, 1
std::transform, 5
std::_Rb_tree_const_iterator::~_Rb_tree_const_iterator, 1
std::operator==, 396
std::vector::reserve, 6
std::make_pair, 41
std::vector::operator=, 394
std::reverse, 12
std::operator!=, 100
std::list::end, 24
std::basic_ios::operator void *, 3
std::vector::clear, 243
std::deque::pop_front, 7
std::basic_ostream::flush, 1
std::_Rb_tree_const_iterator::operator--, 3
std::deque::erase, 3
std::logic_error::logic_error, 1
std::deque::end, 12
std::basic_string::erase, 1
std::map::size, 4
std::map::insert, 24
std::numeric_limits::max, 5
std::vector::size, 723
std::basic_istream::seekg, 7
std::function::function, 5
std::numeric_limits::epsilon, 3
std::bind, 8
std::_List_iterator::operator*, 16
std::function::operator=, 12
std::unique_ptr::operator->, 24
std::basic_ofstream::close, 5
std::istreambuf_iterator::istreambuf_iterator, 2
std::basic_stringstream::basic_stringstream, 9
std::vector::end, 1356
std::set::begin, 79
std::_Rb_tree_const_iterator::operator=, 25
std::basic_stringstream::str, 1474
std::basic_string::find_first_of, 1
std::max, 13
std::vector::rend, 22
std::get, 11
std::list::sort, 1
std::list::pop_back, 1
std::list::push_front, 9
std::list::empty, 10
std::vector::rbegin, 22
std::basic_istream::tellg, 3
std::domain_error::domain_error, 1
std::set::set, 10
std::map::find, 69
std::basic_string::c_str, 121
std::pow, 8
std::basic_ios::eof, 4
std::ios_base::setf, 2
std::reverse_iterator::operator=, 1
std::list::operator=, 1
std::vector::operator[], 1608
std::_List_iterator::operator!=, 19
std::basic_ifstream::is_open, 4
std::vector::back, 32
std::set::rend, 5
std::map::operator=, 2
std::_List_iterator::operator++, 18
std::basic_ifstream::close, 3
std::set_symmetric_difference, 2
std::basic_string::substr, 17
std::basic_ios::fail, 2
std::map::clear, 16
std::vector::at, 144
std::basic_ifstream::open, 1
std::__shared_ptr::reset, 1
std::isnan, 2
std::sort, 72
std::deque::begin, 6
std::abs, 9
std::unique, 4
std::strstr, 1
std::map::rbegin, 1
std::min_element, 3
std::basic_string::append, 46
std::set_intersection, 1
std::list::pop_front, 6
std::__shared_ptr::operator->, 231
std::range_error::range_error, 4
std::auto_ptr::operator->, 1
std::numeric_limits::min, 5
std::getline, 9
std::basic_istream::read, 4
std::basic_string::replace, 1
std::basic_ios::clear, 1
std::back_inserter, 7
std::pair::operator=, 47
std::map::map, 2
std::_List_iterator::operator--, 4
std::_Rb_tree_iterator::operator!=, 26
std::basic_istream::operator>>, 2
std::map::begin, 41
std::_List_iterator::operator=, 34
std::pair::pair, 21
std::deque::deque, 1
std::basic_string::operator+=, 130
std::__shared_ptr::operator _Bool, 9
std::list::push_back, 31
std::set::lower_bound, 3
std::operator>>, 2
std::out_of_range::out_of_range, 3
std::vector::empty, 245
std::swap, 2
std::deque::empty, 8
std::operator<<, 3944
std::set::empty, 5
std::copy, 2
std::multiset::count, 1
std::basic_ostream::operator<<, 1675
std::map::empty, 6
std::basic_string::rbegin, 1
std::max_element, 1
std::map::erase, 1
std::list::clear, 3
std::vector::front, 14
std::find, 45
std::list::erase, 3
std::_Rb_tree_iterator::operator++, 14
std::exception::exception, 2
std::list::begin, 27
std::_Bit_reference::operator _Bool, 8
std::operator+, 1038
std::_Rb_tree_iterator::operator->, 11
std::multimap::insert, 1
std::basic_ios::good, 7
std::dynamic_pointer_cast, 9
std::map::end, 115
std::basic_string::begin, 13
std::reverse_iterator::operator*, 17
std::operator&, 3
std::basic_string::operator[], 26
std::make_shared, 1
std::basic_string::end, 10
std::_Rb_tree_const_iterator::operator!=, 127
std::vector::begin, 1291
std::basic_ofstream::basic_ofstream, 8
std::basic_string::operator=, 936
std::function::operator(), 26
std::make_tuple, 5
std::min, 7
std::unique_ptr::unique_ptr, 18
std::basic_string::find, 5
std::setw, 9
std::vector::emplace_back, 11
std::vector::insert, 57

STD class name, use count
std::numeric_limits, 18
std::deque, 6
std::vector, 7304
std::function, 13
std::bad_cast, 1
std::list, 73
std::ios_base, 5
std::exception, 148
std::enable_shared_from_this, 4
std::multiset, 1
std::weak_ptr, 1
std::shared_ptr, 484
std::tuple, 9
std::remove_reference, 1
std::logic_error, 2
std::multimap, 1
std::istreambuf_iterator, 1
std::map, 212
std::out_of_range, 11
std::range_error, 7
std::pair, 468
std::unique_ptr, 42
std::runtime_error, 116
std::auto_ptr, 1
std::remove_cv, 1
std::domain_error, 1
std::set, 114
