total STD functions, total function uses, total STD classes, total class uses
227, 1406, 31, 390

STD function name, use count
std::enable_shared_from_this::shared_from_this, 2
std::set::insert, 1
std::basic_ifstream::basic_ifstream, 1
std::__shared_ptr::operator*, 14
std::__detail::_Node_const_iterator::operator++, 1
std::basic_string::size, 3
std::_Rb_tree_const_iterator::operator*, 1
std::unordered_map::count, 8
std::ios_base::precision, 1
std::lock_guard::lock_guard, 3
std::vector::pop_back, 14
std::unordered_map::operator[], 15
std::map::count, 8
std::shared_ptr::operator=, 21
std::rethrow_exception, 2
std::__atomic_base::operator++, 3
std::current_exception, 1
std::find_if, 1
std::__shared_ptr::get, 6
std::shared_ptr::shared_ptr, 2
std::hypot, 16
std::forward, 8
std::__detail::operator!=, 14
std::atomic_flag::test_and_set, 2
std::unique_ptr::operator[], 4
std::condition_variable::notify_all, 1
std::queue::empty, 5
std::bitset::set, 2
std::_Rb_tree_const_iterator::operator++, 1
std::random_device::entropy, 1
std::unordered_map::insert, 8
std::unordered_map::find, 11
std::vector::vector, 4
std::vector::push_back, 42
std::unique_ptr::operator=, 4
std::set::end, 1
std::_Rb_tree_iterator::operator==, 2
std::unordered_map::erase, 4
std::basic_string::push_back, 1
std::unordered_set::clear, 1
std::basic_string::empty, 1
std::__detail::_Node_iterator::operator->, 13
std::_Rb_tree_iterator::operator*, 2
std::queue::pop, 3
std::basic_string::basic_string, 1
std::atomic::load, 2
std::unordered_set::end, 1
std::basic_string::length, 4
std::map::operator[], 10
std::unique_ptr::reset, 3
std::hash::operator(), 10
std::vector::erase, 4
std::__detail::_Node_iterator::operator++, 9
std::remove_if, 4
std::weak_ptr::lock, 5
std::reverse_iterator::operator++, 1
std::queue::push, 4
std::unique_ptr::get, 30
std::basic_ostringstream::str, 2
std::initializer_list::begin, 2
std::operator==, 3
std::vector::operator=, 2
std::vector::reserve, 5
std::atomic_bool::load, 6
std::bitset::operator=, 3
std::operator!=, 3
std::bitset::reference::operator=, 2
std::unique_ptr::operator*, 1
std::vector::clear, 6
std::__detail::_Node_iterator::operator*, 9
std::unordered_map::operator=, 1
std::condition_variable::wait, 1
std::unique_ptr::operator _Bool, 17
std::hash::hash, 7
std::map::insert, 1
std::numeric_limits::max, 1
std::__weak_ptr::expired, 1
std::vector::size, 33
std::unordered_set::count, 3
std::atomic_bool::store, 4
std::function::operator=, 10
std::unique_ptr::operator->, 65
std::basic_stringstream::basic_stringstream, 1
std::vector::end, 50
std::set::begin, 1
std::thread::join, 3
std::basic_stringstream::str, 1
std::max, 12
std::vector::rend, 1
std::get, 2
std::stack::pop, 1
std::vector::rbegin, 1
std::unordered_set::insert, 3
std::unordered_set::begin, 1
std::map::find, 2
std::unordered_map::end, 13
std::basic_string::c_str, 12
std::atomic::store, 3
std::pow, 1
std::bitset::operator[], 3
std::vector::operator[], 89
std::vector::back, 11
std::weak_ptr::weak_ptr, 3
std::basic_string::substr, 2
std::basic_ios::fail, 2
std::to_string, 7
std::weak_ptr::operator=, 2
std::unordered_map::unordered_map, 1
std::map::at, 6
std::basic_string::rfind, 2
std::unordered_map::clear, 4
std::abs, 8
std::array::begin, 1
std::function::operator _Bool, 1
std::vector::data, 1
std::basic_string::append, 2
std::__shared_ptr::operator->, 194
std::random_device::operator(), 2
std::array::end, 1
std::for_each, 1
std::__detail::_Node_const_iterator::operator*, 1
std::basic_ios::clear, 1
std::initializer_list::end, 2
std::basic_istream::operator>>, 13
std::_Rb_tree_iterator::operator!=, 2
std::map::begin, 2
std::thread::thread, 2
std::unordered_map::size, 1
std::basic_string::operator+=, 2
std::__shared_ptr::operator _Bool, 6
std::vector::empty, 12
std::swap, 4
std::operator<<, 73
std::stack::top, 5
std::basic_ostream::operator<<, 52
std::map::empty, 2
std::move, 26
std::stack::push, 2
std::__detail::operator==, 5
std::end, 26
std::_Rb_tree_iterator::operator++, 2
std::operator+, 12
std::_Rb_tree_iterator::operator->, 2
std::unordered_map::at, 1
std::begin, 12
std::basic_ios::good, 2
std::map::end, 4
std::reverse_iterator::operator*, 1
std::basic_string::operator[], 1
std::make_shared, 20
std::_Rb_tree_const_iterator::operator!=, 1
std::queue::front, 3
std::__atomic_base::operator--, 1
std::vector::begin, 50
std::unordered_set::unordered_set, 1
std::basic_ofstream::basic_ofstream, 1
std::basic_string::operator=, 8
std::unique_lock::unique_lock, 5
std::function::operator(), 15
std::make_tuple, 1
std::min, 11
std::setw, 3
std::unique_ptr::unique_ptr, 1
std::atomic_flag::clear, 1
std::vector::emplace_back, 5
std::unique_lock::unlock, 4
std::stack::empty, 3
std::unordered_map::begin, 10

STD class name, use count
std::numeric_limits, 1
std::hash, 6
std::vector, 92
std::mutex, 26
std::function, 37
std::atomic, 4
std::ios_base, 3
std::exception, 2
std::unique_lock, 16
std::enable_shared_from_this, 2
std::unordered_map, 18
std::weak_ptr, 5
std::queue, 5
std::unordered_set, 8
std::lock_guard, 3
std::underlying_type, 3
std::stack, 1
std::shared_ptr, 104
std::tuple, 3
std::__exception_ptr::exception_ptr, 1
std::atomic_bool, 3
std::bitset, 1
std::thread, 3
std::array, 1
std::map, 4
std::atomic_flag, 1
std::random_device, 1
std::pair, 1
std::unique_ptr, 32
std::condition_variable, 2
std::set, 1
