total STD functions, total function uses, total STD classes, total class uses
345, 8755, 26, 472

STD function name, use count
std::_Deque_iterator::operator=, 2
std::deque::rbegin, 1
std::set::insert, 11
std::basic_ifstream::basic_ifstream, 7
std::basic_string::size, 25
std::map::lower_bound, 2
std::basic_ios::bad, 4
std::bitset::reset, 20
std::type_info::name, 2
std::vector::pop_back, 3
std::multimap::upper_bound, 7
std::deque::clear, 4
std::fpos::operator long, 1
std::basic_string::resize, 5
std::basic_string::reserve, 3
std::deque::operator=, 2
std::bitset::any, 1
std::find_if, 13
std::basic_string::back, 2
std::basic_istream::gcount, 6
std::_Rb_tree_iterator::operator=, 64
std::_Rb_tree_const_iterator::operator->, 40
std::multimap::clear, 2
std::vector::resize, 2
std::_List_iterator::operator->, 1
std::bitset::set, 69
std::distance, 2
std::_Rb_tree_const_iterator::operator==, 10
std::_Rb_tree_const_iterator::operator++, 13
std::vector::vector, 19
std::vector::push_back, 111
std::multimap::begin, 1
std::set::end, 1
std::set::clear, 9
std::deque::size, 15
std::_Rb_tree_iterator::operator==, 27
std::basic_string::push_back, 2
std::basic_string::empty, 295
std::equal_to::equal_to, 2
std::equal, 1
std::operator|, 4
std::basic_string::basic_string, 323
std::basic_string::length, 232
std::map::operator[], 23
std::replace, 1
std::vector::erase, 8
std::basic_ios::fill, 6
std::multimap::count, 2
std::list::size, 3
std::basic_string::clear, 28
std::reverse_iterator::operator++, 2
std::operator<, 1
std::_Bit_const_iterator::operator++, 1
std::multimap::operator=, 4
std::reverse_iterator::operator->, 3
std::basic_istringstream::str, 1
std::basic_istream::ignore, 3
std::transform, 1
std::basic_ostringstream::str, 88
std::operator==, 129
std::vector::reserve, 1
std::make_pair, 671
std::vector::operator=, 26
std::basic_string::pop_back, 3
std::basic_ios::operator!, 18
std::basic_string::find_last_of, 17
std::operator>=, 2
std::bitset::operator=, 11
std::reverse, 1
std::operator!=, 63
std::deque::resize, 7
std::generate, 1
std::basic_ios::operator void *, 16
std::vector::clear, 64
std::deque::pop_front, 1
std::basic_string::swap, 1
std::basic_ostream::flush, 1
std::deque::erase, 7
std::logic_error::logic_error, 1
std::bitset::flip, 5
std::mem_fun_ref, 2
std::deque::end, 12
std::numeric_limits::max, 3
std::basic_string::erase, 8
std::map::insert, 688
std::map::size, 7
std::basic_istream::get, 2
std::bitset::bitset, 7
std::vector::size, 125
std::multimap::find, 6
std::basic_istream::seekg, 5
std::deque::rend, 1
std::list::resize, 2
std::_Deque_iterator::operator+, 3
std::_Bit_const_iterator::operator=, 1
std::bitset::test, 71
std::map::~map, 2
std::basic_stringstream::basic_stringstream, 3
std::vector::end, 165
std::set::begin, 1
std::_Rb_tree_const_iterator::operator=, 16
std::basic_stringstream::str, 3
std::basic_string::find_first_of, 21
std::max, 2
std::operator<=, 2
std::multimap::end, 7
std::basic_ostream::write, 33
std::vector::rend, 1
std::stack::pop, 3
std::basic_string::compare, 24
std::vector::rbegin, 1
std::list::empty, 1
std::basic_istream::tellg, 7
std::_Bit_const_iterator::operator*, 1
std::map::find, 57
std::basic_string::c_str, 718
std::basic_ios::eof, 11
std::basic_string::data, 3
std::reverse_iterator::operator=, 2
std::list::rbegin, 2
std::_Deque_iterator::operator++, 2
std::vector::operator[], 209
std::list::operator=, 5
std::basic_string::find_first_not_of, 21
std::vector::back, 4
std::map::operator=, 11
std::_List_iterator::operator++, 1
std::basic_string::substr, 241
std::basic_ios::fail, 11
std::_Bit_iterator_base::operator!=, 1
std::map::clear, 15
std::vector::at, 13
std::basic_ifstream::open, 2
std::list::rend, 2
std::basic_string::rfind, 2
std::sort, 23
std::count_if, 1
std::deque::begin, 13
std::multimap::lower_bound, 2
std::multimap::multimap, 1
std::deque::pop_back, 2
std::basic_string::find_last_not_of, 4
std::basic_string::append, 15
std::_Rb_tree_iterator::_Rb_tree_iterator, 4
std::list::list, 1
std::basic_string::assign, 3
std::getline, 10
std::for_each, 13
std::basic_string::replace, 32
std::basic_istream::read, 10
std::count, 1
std::basic_ios::clear, 2
std::pair::operator=, 10
std::back_inserter, 2
std::map::map, 2
std::basic_stringbuf::str, 2
std::basic_ostringstream::~basic_ostringstream, 1
std::bind2nd, 2
std::basic_istream::operator>>, 117
std::_Rb_tree_iterator::operator!=, 87
std::map::begin, 33
std::basic_string::operator+=, 268
std::list::push_back, 1
std::basic_ostringstream::rdbuf, 2
std::deque::operator[], 2
std::operator>>, 26
std::vector::empty, 62
std::deque::empty, 6
std::operator<<, 592
std::multimap::erase, 5
std::stack::top, 2
std::copy, 14
std::map::upper_bound, 2
std::deque::push_back, 1
std::basic_ostream::operator<<, 243
std::map::empty, 11
std::deque::push_front, 3
std::basic_istringstream::basic_istringstream, 38
std::stack::push, 1
std::map::erase, 18
std::list::clear, 3
std::basic_ifstream::rdbuf, 2
std::basic_string::~basic_string, 3
std::find, 23
std::basic_streambuf::pubsetbuf, 2
std::_Rb_tree_iterator::operator++, 20
std::list::begin, 3
std::operator>, 1
std::operator+, 339
std::_Rb_tree_iterator::operator->, 163
std::basic_ios::good, 10
std::multimap::insert, 3
std::map::end, 102
std::ios_base::width, 3
std::basic_string::begin, 48
std::setfill, 11
std::reverse_iterator::operator*, 2
std::basic_string::operator[], 118
std::bitset::size, 9
std::basic_string::end, 40
std::_Rb_tree_const_iterator::operator!=, 29
std::vector::begin, 132
std::random_shuffle, 2
std::bind1st, 1
std::basic_ofstream::basic_ofstream, 2
std::basic_string::operator=, 670
std::bad_alloc::bad_alloc, 1
std::min, 4
std::basic_string::find, 99
std::setw, 33
std::bitset::count, 11
std::stack::empty, 3
std::vector::insert, 15
std::_Deque_iterator::operator*, 2

STD class name, use count
std::numeric_limits, 3
std::deque, 5
std::vector, 273
std::bidirectional_iterator_tag, 3
std::basic_ostream, 14
std::list, 1
std::ios_base, 8
std::exception, 1
std::basic_stringstream, 2
std::less, 6
std::basic_stringbuf, 2
std::basic_istringstream, 2
std::stack, 4
std::binary_function, 2
std::logic_error, 1
std::back_insert_iterator, 1
std::multimap, 2
std::basic_string, 13
std::bitset, 12
std::allocator, 7
std::map, 37
std::pair, 25
std::char_traits, 34
std::basic_istream, 8
std::basic_ostringstream, 2
std::set, 4
