total STD functions, total function uses, total STD classes, total class uses
153, 7612, 10, 128

STD function name, use count
std::less::less, 3
std::set::insert, 4
std::basic_ifstream::basic_ifstream, 1
std::basic_string::compare, 17
std::list::empty, 2
std::basic_istream::tellg, 1
std::_Rb_tree_const_iterator::operator*, 8
std::basic_ios::bad, 2
std::basic_string::c_str, 15
std::basic_ios::rdbuf, 2
std::basic_ios::eof, 1
std::vector::pop_back, 1
std::basic_ofstream::open, 3
std::reverse_iterator::operator=, 2
std::list::rbegin, 2
std::vector::operator[], 7
std::_List_iterator::operator!=, 2
std::vector::back, 10
std::fpos::operator long, 2
std::_List_iterator::operator++, 4
std::basic_ios::exceptions, 8
std::basic_ifstream::close, 3
std::set::find, 3
std::basic_ostream::tellp, 1
std::basic_string::substr, 3
std::basic_ios::fail, 1
std::map::clear, 4
std::basic_ifstream::open, 1
std::list::rend, 4
std::ios_base::flags, 18
std::_Rb_tree_const_iterator::operator->, 8
std::sort, 10
std::_List_iterator::operator->, 1
std::set::~set, 1
std::return_temporary_buffer, 4
std::queue::empty, 3
std::ios_base::failure::failure, 1
std::_Rb_tree_const_iterator::operator==, 2
std::get_temporary_buffer, 2
std::_Rb_tree_const_iterator::operator++, 12
std::vector::vector, 6
std::vector::push_back, 72
std::set::end, 9
std::list::pop_front, 1
std::set::clear, 1
std::getline, 1
std::basic_streambuf::sungetc, 1
std::stable_sort, 1
std::basic_string::replace, 1
std::basic_streambuf::sbumpc, 8
std::basic_string::empty, 17
std::map::map, 1
std::vector::~vector, 2
std::basic_stringbuf::str, 14
std::operator|, 6
std::queue::pop, 3
std::vector::swap, 4
std::basic_string::basic_string, 24
std::basic_string::length, 4
std::map::operator[], 52
std::map::begin, 4
std::_List_iterator::operator=, 2
std::basic_stringbuf::basic_stringbuf, 5
std::basic_string::operator+=, 19
std::basic_streambuf::sputc, 1
std::list::size, 1
std::list::push_back, 5
std::basic_ostringstream::rdbuf, 12
std::reverse_iterator::operator++, 2
std::set::erase, 1
std::swap, 1
std::operator<<, 4683
std::reverse_iterator::operator->, 3
std::set::empty, 2
std::queue::push, 12
std::basic_ostream::operator<<, 2105
std::basic_ostringstream::str, 11
std::operator==, 11
std::vector::reserve, 7
std::make_pair, 6
std::basic_istringstream::basic_istringstream, 1
std::basic_ios::operator!, 1
std::operator!=, 2
std::list::end, 2
std::vector::clear, 2
std::list::~list, 1
std::list::clear, 2
std::vector::front, 8
std::basic_streambuf::snextc, 3
std::map::size, 4
std::list::begin, 2
std::vector::size, 3
std::operator+, 23
std::basic_istream::seekg, 2
std::basic_ios::good, 3
std::basic_string::begin, 3
std::map::end, 1
std::basic_string::operator[], 8
std::_List_iterator::operator*, 7
std::basic_string::end, 4
std::tr1::__detail::_Map_base::operator[], 2
std::_Rb_tree_const_iterator::operator!=, 15
std::queue::front, 3
std::vector::begin, 15
std::random_shuffle, 14
std::basic_ofstream::close, 3
std::basic_string::operator=, 28
std::map::~map, 2
std::vector::end, 13
std::set::begin, 5
std::min, 73
std::_Rb_tree_const_iterator::operator=, 3
std::basic_string::find, 1
std::basic_streambuf::sgetc, 8
std::basic_stringstream::str, 2
std::basic_string::find_first_of, 1
std::max, 41
std::list::front, 1

STD class name, use count
std::binary_function, 16
std::vector, 52
std::list, 10
std::ios_base::failure, 1
std::ios_base, 17
std::tr1::unordered_map, 1
std::map, 3
std::queue, 1
std::pair, 19
std::set, 8
