total STD functions, total function uses, total STD classes, total class uses
29, 71, 4, 16

STD function name, use count
std::basic_ios::operator void *, 1
std::vector::clear, 1
std::basic_ifstream::basic_ifstream, 1
std::_Rb_tree_iterator::operator!=, 1
std::map::operator[], 1
std::isfinite, 1
std::vector::size, 6
std::map::find, 1
std::map::end, 1
std::vector::push_back, 4
std::vector::vector, 1
std::basic_string::c_str, 3
std::bind, 4
std::operator>>, 5
std::swap, 3
std::operator<<, 2
std::vector::operator[], 11
std::basic_string::operator=, 3
std::basic_stringstream::basic_stringstream, 1
std::basic_ostream::operator<<, 1
std::min, 1
std::operator==, 7
std::getline, 2
std::max, 9

STD class name, use count
std::vector, 7
std::remove_reference, 2
std::map, 5
std::function, 2
