total STD functions, total function uses, total STD classes, total class uses
427, 25517, 16, 697

STD function name, use count
std::deque::swap, 2
std::mem_fun, 1
std::basic_ostream::put, 2
std::_Rb_tree_const_iterator::_Rb_tree_const_iterator, 6
std::set::insert, 27
std::basic_ifstream::basic_ifstream, 14
std::list::back, 23
std::multimap::equal_range, 4
std::_Deque_iterator::operator->, 3
std::basic_istream::basic_istream, 3
std::basic_string::size, 125
std::_List_iterator::operator==, 9
std::basic_istream::getline, 3
std::basic_fstream::open, 2
std::basic_fstream::basic_fstream, 4
std::basic_ios::bad, 2
std::map::lower_bound, 7
std::_Rb_tree_const_iterator::operator*, 23
std::set::operator=, 5
std::ios_base::precision, 5
std::deque::back, 7
std::vector::pop_back, 19
std::deque::clear, 4
std::basic_string::resize, 27
std::greater::greater, 1
std::set::find, 24
std::basic_string::reserve, 24
std::basic_string::at, 2
std::find_if, 2
std::_List_const_iterator::operator==, 15
std::basic_istream::gcount, 7
std::_Rb_tree_iterator::operator=, 24
std::_Rb_tree_const_iterator::operator->, 189
std::multimap::clear, 1
std::vector::resize, 16
std::_List_iterator::operator->, 61
std::multimap::empty, 4
std::basic_fstream::close, 5
std::queue::empty, 1
std::bitset::set, 2
std::_List_iterator::_List_iterator, 2
std::basic_streambuf::basic_streambuf, 5
std::_List_const_iterator::operator--, 5
std::_Rb_tree_const_iterator::operator==, 51
std::map::swap, 15
std::_Rb_tree_const_iterator::operator++, 56
std::vector::push_back, 111
std::vector::vector, 77
std::multimap::begin, 3
std::set::size, 2
std::set::end, 49
std::set::clear, 9
std::deque::size, 14
std::_Rb_tree_iterator::operator==, 37
std::multimap::size, 1
std::basic_string::push_back, 13
std::auto_ptr::auto_ptr, 1
std::basic_ios::tie, 7
std::basic_string::empty, 375
std::_Rb_tree_iterator::operator*, 5
std::vector::~vector, 1
std::queue::pop, 1
std::operator|, 22
std::deque::front, 17
std::basic_string::basic_string, 443
std::basic_string::length, 127
std::map::operator[], 130
std::vector::erase, 6
std::list::insert, 17
std::basic_ios::fill, 7
std::basic_ostringstream::basic_ostringstream, 1
std::basic_string::clear, 124
std::basic_streambuf::pbase, 1
std::set::erase, 8
std::operator<, 1
std::queue::push, 1
std::basic_istringstream::str, 2
std::basic_istream::ignore, 1
std::setprecision, 4
std::transform, 2
std::basic_ostringstream::str, 58
std::operator==, 158
std::vector::operator=, 24
std::vector::reserve, 50
std::make_pair, 108
std::basic_string::find_last_of, 1
std::basic_ios::operator!, 60
std::operator!=, 58
std::basic_streambuf::epptr, 3
std::list::end, 78
std::basic_ios::operator void *, 56
std::vector::clear, 83
std::basic_string::swap, 3
std::deque::pop_front, 10
std::basic_ostream::flush, 43
std::_Rb_tree_const_iterator::operator--, 1
std::deque::erase, 3
std::set::upper_bound, 1
std::_List_const_iterator::operator=, 17
std::deque::end, 8
std::map::size, 48
std::numeric_limits::max, 24
std::basic_string::erase, 17
std::map::insert, 50
std::basic_streambuf::pptr, 5
std::bitset::bitset, 1
std::vector::size, 217
std::_List_iterator::operator*, 12
std::_Deque_iterator::operator+, 2
std::basic_ofstream::close, 13
std::bitset::test, 1
std::set::swap, 24
std::vector::end, 139
std::set::begin, 21
std::_Rb_tree_const_iterator::operator=, 23
std::basic_string::find_first_of, 9
std::max, 266
std::multimap::end, 1
std::basic_ostream::write, 41
std::list::pop_back, 4
std::basic_string::compare, 23
std::vector::rbegin, 1
std::list::empty, 40
std::vector::assign, 2
std::multimap::swap, 1
std::set::set, 24
std::map::find, 82
std::_List_const_iterator::operator!=, 28
std::basic_streambuf::pbump, 1
std::basic_string::c_str, 451
std::pow, 1
std::basic_ios::rdbuf, 3
std::basic_string::data, 77
std::basic_ios::eof, 14
std::basic_ofstream::open, 7
std::ios_base::setf, 3
std::_Deque_iterator::operator++, 4
std::basic_streambuf::setp, 4
std::basic_ostream::basic_ostream, 4
std::vector::operator[], 217
std::basic_ofstream::~basic_ofstream, 3
std::_List_iterator::operator!=, 31
std::basic_string::find_first_not_of, 5
std::basic_ifstream::is_open, 5
std::vector::back, 67
std::map::operator=, 3
std::list::swap, 1
std::_List_const_iterator::_List_const_iterator, 6
std::_List_iterator::operator++, 30
std::basic_ifstream::close, 9
std::basic_string::substr, 38
std::vector::capacity, 1
std::basic_ios::fail, 30
std::map::clear, 25
std::basic_ifstream::open, 4
std::ios_base::flags, 17
std::basic_string::rfind, 22
std::sort, 3
std::deque::begin, 10
std::unique, 2
std::multimap::lower_bound, 1
std::multimap::multimap, 2
std::deque::pop_back, 1
std::_List_const_iterator::operator++, 26
std::_List_const_iterator::operator*, 7
std::basic_string::find_last_not_of, 1
std::basic_string::append, 53
std::list::pop_front, 15
std::_Rb_tree_iterator::_Rb_tree_iterator, 13
std::list::list, 6
std::basic_string::assign, 103
std::numeric_limits::min, 1
std::getline, 14
std::for_each, 9
std::basic_istream::read, 5
std::basic_ios::clear, 11
std::pair::operator=, 18
std::back_inserter, 1
std::map::map, 36
std::_List_const_iterator::operator->, 64
std::_List_iterator::operator--, 1
std::vector::swap, 8
std::_Rb_tree_iterator::operator!=, 66
std::basic_istream::operator>>, 54
std::map::begin, 61
std::_List_iterator::operator=, 29
std::pair::pair, 6
std::basic_string::operator+=, 135
std::deque::deque, 7
std::list::push_back, 17
std::deque::operator[], 2
std::set::lower_bound, 3
std::operator>>, 34
std::vector::empty, 81
std::swap, 144
std::operator<<, 11212
std::deque::empty, 27
std::set::empty, 6
std::multimap::erase, 7
std::copy, 2
std::basic_ostream::operator<<, 5288
std::deque::push_back, 10
std::map::empty, 47
std::_Deque_iterator::operator-, 2
std::basic_istringstream::basic_istringstream, 24
std::basic_string::rbegin, 23
std::list::splice, 10
std::map::erase, 64
std::list::clear, 5
std::vector::front, 28
std::find, 8
std::list::erase, 27
std::_Rb_tree_iterator::operator++, 35
std::list::begin, 32
std::_Rb_tree_iterator::operator->, 279
std::operator+, 230
std::basic_ios::good, 1
std::multimap::insert, 5
std::ios_base::width, 7
std::map::end, 193
std::basic_string::begin, 8
std::setfill, 3
std::reverse_iterator::operator*, 20
std::basic_string::operator[], 35
std::basic_string::end, 2
std::queue::front, 1
std::_Rb_tree_const_iterator::operator!=, 79
std::random_shuffle, 2
std::vector::begin, 130
std::basic_string::operator=, 825
std::basic_ofstream::basic_ofstream, 6
std::bad_alloc::bad_alloc, 1
std::basic_ios::setstate, 8
std::min, 190
std::basic_string::find, 33
std::setw, 39
std::vector::insert, 2
std::basic_streambuf::setg, 3
std::list::front, 20
std::_Deque_iterator::operator*, 3
std::ostream_iterator::ostream_iterator, 1

STD class name, use count
std::numeric_limits, 25
std::deque, 7
std::vector, 389
std::list, 7
std::ios_base, 4
std::less, 51
std::queue, 1
std::binary_function, 1
std::multimap, 4
std::bitset, 1
std::ostream_iterator, 1
std::nothrow_t, 2
std::map, 55
std::pair, 124
std::auto_ptr, 1
std::set, 24
