total STD functions, total function uses, total STD classes, total class uses
657, 28904, 21, 1869

STD function name, use count
std::_Deque_iterator::operator=, 9
std::basic_ostream::put, 3
std::multiplies::multiplies, 1
std::basic_ifstream::basic_ifstream, 11
std::setiosflags, 2
std::basic_istream::getline, 6
std::_Bit_iterator::operator*, 1
std::basic_fstream::basic_fstream, 1
std::map::lower_bound, 6
std::set::operator=, 282
std::map::rend, 1
std::_Rb_tree_const_iterator::operator*, 131
std::ios_base::precision, 10
std::bitset::reset, 4
std::set::count, 25
std::priority_queue::pop, 1
std::multimap::upper_bound, 10
std::type_info::name, 3
std::basic_string::resize, 2
std::greater::greater, 2
std::valarray::valarray, 2
std::multimap::clear, 1
std::_List_iterator::operator->, 4
std::set::~set, 2
std::bitset::set, 4
std::_List_iterator::_List_iterator, 1
std::_Rb_tree_const_iterator::operator++, 161
std::multimap::begin, 31
std::set::end, 255
std::set::size, 280
std::bitset::operator~, 4
std::set::clear, 6
std::deque::size, 13
std::_Rb_tree_iterator::operator==, 187
std::runtime_error::runtime_error, 6
std::basic_string::push_back, 12
std::equal_range, 2
std::_Rb_tree_iterator::operator*, 10
std::vector::~vector, 20
std::operator|, 8
std::basic_string::basic_string, 405
std::basic_fstream::is_open, 1
std::basic_string::length, 68
std::priority_queue::push, 2
std::list::insert, 6
std::vector::erase, 33
std::basic_string::copy, 8
std::list::size, 21
std::set::erase, 16
std::auto_ptr::reset, 2
std::multimap::operator=, 71
std::list::unique, 3
std::operator<, 88
std::reverse_iterator::operator->, 3
std::lexicographical_compare, 3
std::basic_ostringstream::str, 91
std::vector::reserve, 12
std::basic_ios::operator!, 9
std::bitset::reference::operator=, 2
std::operator!=, 755
std::list::end, 77
std::basic_string::swap, 1
std::basic_ostream::flush, 96
std::_List_const_iterator::operator=, 4
std::map::insert, 123
std::deque::end, 12
std::_List_iterator::operator*, 103
std::_Deque_iterator::operator+, 4
std::priority_queue::size, 1
std::basic_stringstream::basic_stringstream, 2
std::set::begin, 129
std::_Rb_tree_const_iterator::operator=, 170
std::basic_stringstream::str, 126
std::out_of_range, 4
std::bitset::none, 2
std::list::sort, 9
std::stack::pop, 22
std::vector::rbegin, 4
std::basic_ofstream::is_open, 2
std::list::remove, 2
std::ios_base::sync_with_stdio, 4
std::pow, 3
std::basic_string::data, 2
std::priority_queue::empty, 1
std::basic_string::find_first_not_of, 3
std::basic_ifstream::is_open, 1
std::_List_iterator::operator!=, 76
std::vector::back, 65
std::sqrt, 2
std::_List_iterator::operator++, 74
std::basic_ifstream::close, 12
std::basic_string::substr, 112
std::_Bit_iterator_base::operator!=, 2
std::vector::at, 25
std::basic_ifstream::open, 9
std::basic_string::rfind, 8
std::sort, 23
std::multimap::lower_bound, 11
std::_List_const_iterator::operator++, 14
std::basic_string::find_last_not_of, 2
std::basic_string::append, 26
std::list::pop_front, 1
std::basic_string::assign, 32
std::for_each, 4
std::basic_string::replace, 12
std::count, 2
std::map::map, 44
std::vector::swap, 1
std::bind2nd, 3
std::basic_istream::operator>>, 17
std::priority_queue::top, 1
std::_Rb_tree_iterator::operator!=, 289
std::map::begin, 168
std::_List_iterator::operator=, 6
std::pair::pair, 117
std::deque::deque, 3
std::list::push_back, 62
std::set::lower_bound, 2
std::operator>>, 18
std::vector::empty, 51
std::swap, 18
std::operator<<, 5913
std::deque::empty, 5
std::set::empty, 2
std::stack::top, 41
std::copy, 8
std::basic_ostream::operator<<, 3121
std::deque::push_back, 15
std::accumulate, 2
std::list::clear, 1
std::vector::front, 14
std::find, 16
std::list::erase, 3
std::_Rb_tree_iterator::operator++, 138
std::list::begin, 86
std::operator+, 724
std::_Rb_tree_iterator::operator->, 390
std::multimap::insert, 17
std::basic_ios::good, 4
std::complex::operator/=, 1
std::operator&, 10
std::basic_string::operator[], 238
std::_Bit_iterator::operator++, 1
std::_Rb_tree_const_iterator::operator!=, 209
std::vector::begin, 525
std::basic_ofstream::basic_ofstream, 32
std::basic_string::operator=, 1063
std::setw, 76
std::basic_string::_S_construct, 2
std::bitset::reference::operator _Bool, 10
std::list::front, 4
std::stack::empty, 19
std::vector::insert, 30
std::ostream_iterator::ostream_iterator, 1
std::complex::complex, 3
std::set::insert, 174
std::list::back, 3
std::multimap::equal_range, 12
std::basic_string::size, 136
std::_List_iterator::operator==, 2
std::basic_fstream::open, 1
std::basic_string::insert, 1
std::deque::back, 12
std::vector::pop_back, 13
std::bitset::to_ulong, 2
std::_Bit_reference::operator=, 24
std::map::count, 4
std::set::find, 133
std::basic_string::reserve, 1
std::bad_cast::bad_cast, 2
std::vector::max_size, 1
std::basic_string::at, 7
std::set::rbegin, 1
std::find_if, 2
std::_List_const_iterator::operator==, 1
std::basic_istream::gcount, 1
std::_Rb_tree_iterator::operator=, 382
std::_Rb_tree_const_iterator::operator->, 206
std::vector::resize, 52
std::binary_search, 2
std::multimap::empty, 1
std::queue::empty, 2
std::basic_fstream::close, 2
std::_Rb_tree_const_iterator::operator==, 129
std::vector::push_back, 830
std::vector::vector, 469
std::complex::operator*=, 1
std::multimap::size, 78
std::_Deque_iterator::_Deque_iterator, 2
std::auto_ptr::auto_ptr, 4
std::basic_string::empty, 32
std::deque::front, 2
std::queue::pop, 2
std::map::operator[], 900
std::basic_string::clear, 2
std::reverse_iterator::operator++, 2
std::queue::push, 4
std::setprecision, 2
std::transform, 4
std::operator==, 1038
std::vector::operator=, 61
std::make_pair, 177
std::basic_string::find_last_of, 6
std::bitset::operator=, 4
std::basic_ios::operator void *, 25
std::vector::clear, 49
std::list::~list, 2
std::deque::pop_front, 2
std::set::upper_bound, 1
std::deque::erase, 4
std::map::size, 44
std::basic_string::erase, 9
std::vector::size, 989
std::basic_istream::get, 2
std::multimap::find, 242
std::deque::at, 1
std::basic_ofstream::close, 34
std::bitset::test, 4
std::set::swap, 2
std::vector::end, 520
std::map::~map, 5
std::basic_string::find_first_of, 11
std::basic_ifstream::~basic_ifstream, 1
std::max, 8
std::multimap::end, 275
std::list::pop_back, 1
std::basic_string::compare, 25
std::list::push_front, 4
std::list::empty, 4
std::vector::assign, 1
std::set::set, 25
std::map::find, 143
std::_List_const_iterator::operator!=, 9
std::basic_string::c_str, 354
std::basic_ofstream::open, 24
std::basic_ios::eof, 5
std::array::operator[], 4
std::bitset::operator[], 14
std::ios_base::setf, 6
std::_Deque_iterator::operator++, 10
std::vector::operator[], 1966
std::list::operator=, 12
std::map::operator=, 7
std::stack::size, 2
std::vector::capacity, 1
std::basic_ios::fail, 2
std::map::clear, 15
std::type_info::operator!=, 1
std::__debug::set::begin, 2
std::isnan, 1
std::deque::begin, 20
std::unique, 14
std::multimap::multimap, 42
std::deque::pop_back, 12
std::map::rbegin, 2
std::_List_const_iterator::operator*, 10
std::reverse_iterator::reverse_iterator, 2
std::basic_stringstream::~basic_stringstream, 1
std::plus::plus, 1
std::auto_ptr::operator->, 28
std::list::list, 2
std::getline, 6
std::bitset::operator==, 8
std::basic_istream::read, 1
std::pair::operator=, 36
std::back_inserter, 3
std::foobar, 2
std::basic_ostringstream::~basic_ostringstream, 9
std::basic_string::operator+=, 247
std::deque::operator[], 5
std::multimap::erase, 4
std::deque::push_front, 1
std::basic_istringstream::basic_istringstream, 17
std::basic_string::rbegin, 1
std::list::splice, 1
std::stack::push, 22
std::map::erase, 22
std::basic_string::~basic_string, 1
std::exception::exception, 2
std::_Bit_reference::operator _Bool, 37
std::map::end, 296
std::basic_string::begin, 25
std::setfill, 5
std::reverse_iterator::operator*, 4
std::basic_string::end, 15
std::queue::front, 2
std::basic_string::find, 124
std::_Deque_iterator::operator*, 15

STD class name, use count
std::valarray, 2
std::deque, 39
std::basic_stringbuf, 1
std::queue, 2
std::stack, 8
std::basic_ios, 4
std::unary_function, 5
std::multimap, 148
std::complex, 6
std::bitset, 6
std::array, 6
std::__debug::set, 4
std::istreambuf_iterator, 3
std::map, 755
std::priority_queue, 1
std::pair, 474
std::runtime_error, 6
std::greater, 1
std::reverse_iterator, 4
std::auto_ptr, 4
std::set, 390
