total STD functions, total function uses, total STD classes, total class uses
533, 28462, 24, 2303

STD function name, use count
std::_Deque_iterator::operator=, 12
std::sin, 81
std::basic_ostream::put, 1
std::basic_ifstream::basic_ifstream, 1
std::__detail::_Node_const_iterator::operator++, 118
std::basic_istream::getline, 2
std::map::rend, 2
std::set::operator=, 10
std::_Rb_tree_const_iterator::operator*, 442
std::bitset::reset, 1
std::set::count, 9
std::multimap::upper_bound, 10
std::type_info::name, 5
std::deque::clear, 3
std::basic_string::resize, 9
std::multimap::clear, 24
std::set::~set, 1
std::_List_iterator::operator->, 288
std::bitset::set, 26
std::distance, 4
std::_Rb_tree_const_iterator::operator++, 574
std::multimap::begin, 101
std::list::assign, 2
std::set::size, 80
std::set::end, 381
std::set::clear, 63
std::deque::size, 10
std::_Rb_tree_iterator::operator==, 76
std::basic_string::push_back, 14
std::multimap::rend, 1
std::__detail::_Node_iterator::operator->, 370
std::_Rb_tree_iterator::operator*, 29
std::vector::~vector, 7
std::basic_string::basic_string, 183
std::basic_string::length, 156
std::list::insert, 1
std::vector::erase, 29
std::basic_ios::fill, 2
std::list::size, 119
std::set::erase, 104
std::multimap::operator=, 1
std::reverse_iterator::operator->, 9
std::basic_istringstream::str, 45
std::lexicographical_compare, 2
std::basic_ostringstream::str, 154
std::vector::reserve, 16
std::basic_ios::operator!, 1
std::operator!=, 98
std::list::end, 807
std::__detail::_Node_iterator::operator*, 3
std::_Rb_tree_const_iterator::operator--, 1
std::_List_const_iterator::operator=, 25
std::logic_error::logic_error, 2
std::deque::end, 31
std::map::insert, 31
std::bitset::bitset, 2
std::_List_iterator::operator*, 634
std::basic_stringstream::basic_stringstream, 1
std::_Rb_tree_const_iterator::operator=, 37
std::set::begin, 307
std::basic_stringstream::str, 18
std::list::sort, 34
std::stack::pop, 1
std::list::remove, 36
std::__detail::_Node_const_iterator::operator=, 11
std::basic_istream::tellg, 4
std::unordered_map::end, 464
std::list::rbegin, 3
std::basic_string::find_first_not_of, 1
std::vector::back, 10
std::_List_iterator::operator!=, 334
std::list::swap, 1
std::_List_iterator::operator++, 349
std::basic_ifstream::close, 3
std::basic_string::substr, 79
std::vector::at, 15
std::basic_string::rfind, 24
std::unordered_map::clear, 66
std::sort, 15
std::list::remove_if, 70
std::multimap::lower_bound, 9
std::_List_const_iterator::operator++, 516
std::cos, 81
std::basic_string::append, 40
std::list::pop_front, 21
std::basic_string::assign, 8
std::numeric_limits::min, 2
std::basic_string::replace, 5
std::count, 8
std::map::map, 4
std::vector::swap, 4
std::_Rb_tree_iterator::operator!=, 451
std::basic_istream::operator>>, 181
std::map::begin, 484
std::_List_iterator::operator=, 50
std::pair::pair, 27
std::unordered_map::size, 36
std::list::push_back, 333
std::operator>>, 87
std::swap, 136
std::vector::empty, 82
std::deque::empty, 17
std::operator<<, 916
std::set::empty, 81
std::stack::top, 1
std::copy, 6
std::multimap::rbegin, 2
std::deque::push_back, 10
std::basic_ostream::operator<<, 634
std::map::empty, 134
std::__detail::operator==, 105
std::vector::front, 5
std::list::clear, 104
std::find, 5
std::__detail::_Node_const_iterator::operator->, 486
std::list::erase, 52
std::_Rb_tree_iterator::operator++, 396
std::list::begin, 842
std::_Rb_tree_iterator::operator->, 924
std::operator+, 155
std::basic_ios::good, 2
std::multimap::insert, 46
std::ios_base::width, 2
std::basic_string::operator[], 117
std::_Rb_tree_const_iterator::operator!=, 729
std::vector::begin, 228
std::basic_string::operator=, 555
std::min, 86
std::setw, 7
std::bitset::reference::operator _Bool, 25
std::lower_bound, 1
std::vector::insert, 2
std::list::front, 55
std::advance, 21
std::_Rb_tree_const_iterator::_Rb_tree_const_iterator, 5
std::set::insert, 256
std::multimap::equal_range, 57
std::list::back, 12
std::basic_string::size, 232
std::_List_iterator::operator==, 15
std::basic_istream::peek, 4
std::unordered_map::count, 2
std::basic_string::insert, 3
std::deque::back, 1
std::vector::pop_back, 4
std::unordered_map::operator[], 190
std::bitset::to_ulong, 1
std::_Bit_reference::operator=, 21
std::map::count, 3
std::set::find, 94
std::basic_string::at, 7
std::fill, 1
std::find_if, 1
std::basic_istream::gcount, 1
std::_List_const_iterator::operator==, 5
std::__detail::operator!=, 329
std::_Rb_tree_iterator::operator=, 46
std::_Rb_tree_const_iterator::operator->, 695
std::unordered_map::empty, 20
std::vector::resize, 122
std::unordered_map::~unordered_map, 4
std::multimap::empty, 20
std::queue::empty, 2
std::_List_const_iterator::operator--, 3
std::_Rb_tree_const_iterator::operator==, 90
std::list::reverse, 1
std::unordered_map::find, 235
std::vector::push_back, 228
std::vector::vector, 14
std::unordered_map::insert, 18
std::unordered_map::erase, 53
std::multimap::size, 2
std::basic_string::empty, 157
std::basic_istream::putback, 2
std::queue::pop, 3
std::deque::front, 8
std::equal, 2
std::inserter, 1
std::map::operator[], 481
std::__detail::_Node_iterator::operator++, 105
std::multimap::count, 2
std::basic_string::clear, 4
std::reverse_iterator::operator++, 5
std::queue::push, 4
std::basic_istream::ignore, 3
std::transform, 13
std::operator==, 300
std::vector::operator=, 14
std::make_pair, 37
std::basic_string::find_last_of, 5
std::reverse, 6
std::basic_ios::operator void *, 2
std::vector::clear, 62
std::list::~list, 85
std::unordered_map::operator=, 1
std::deque::pop_front, 6
std::deque::erase, 9
std::numeric_limits::max, 9
std::map::size, 63
std::basic_string::erase, 4
std::vector::size, 357
std::basic_istream::get, 6
std::multimap::find, 7
std::fpos::operator-, 2
std::numeric_limits::epsilon, 1
std::list::resize, 8
std::numeric_limits::infinity, 3
std::bitset::test, 1
std::vector::end, 209
std::max, 99
std::basic_ostream::write, 1
std::multimap::end, 100
std::list::pop_back, 7
std::tan, 4
std::fpos::fpos, 3
std::basic_string::compare, 3
std::list::empty, 267
std::list::push_front, 6
std::vector::assign, 2
std::set::set, 6
std::_List_const_iterator::operator!=, 519
std::map::find, 302
std::basic_string::c_str, 1972
std::basic_ios::eof, 12
std::bitset::operator[], 25
std::vector::operator[], 973
std::_Deque_iterator::operator++, 36
std::list::operator=, 23
std::numeric_limits::quiet_NaN, 2
std::map::operator=, 8
std::basic_ios::fail, 4
std::vector::capacity, 2
std::map::clear, 100
std::list::rend, 2
std::isnan, 1
std::deque::begin, 29
std::count_if, 3
std::map::rbegin, 2
std::_List_const_iterator::operator*, 971
std::set_intersection, 1
std::_Rb_tree_iterator::_Rb_tree_iterator, 1
std::list::list, 6
std::getline, 2
std::basic_istream::read, 1
std::__detail::_Node_const_iterator::operator*, 5
std::pair::operator=, 21
std::fabs, 1
std::_List_const_iterator::operator->, 178
std::_List_iterator::operator--, 1
std::fpos::operator=, 3
std::basic_string::operator+=, 124
std::deque::operator[], 6
std::multimap::erase, 27
std::queue::size, 2
std::deque::push_front, 6
std::basic_istringstream::basic_istringstream, 59
std::__detail::_Node_iterator::operator=, 16
std::stack::push, 1
std::map::erase, 77
std::basic_string::~basic_string, 6
std::unordered_map::rehash, 6
std::_Bit_reference::operator _Bool, 6
std::map::end, 763
std::basic_string::begin, 33
std::setfill, 2
std::reverse_iterator::operator*, 5
std::basic_string::end, 22
std::queue::front, 6
std::random_shuffle, 1
std::list::merge, 1
std::basic_string::find, 96
std::unordered_map::begin, 226
std::_Deque_iterator::operator*, 70
std::queue::back, 1

STD class name, use count
std::numeric_limits, 20
std::deque, 10
std::vector, 405
std::type_info, 3
std::bidirectional_iterator_tag, 8
std::list, 928
std::exception, 8
std::unordered_map, 143
std::basic_stringstream, 6
std::queue, 3
std::stack, 2
std::binary_function, 1
std::unary_function, 13
std::logic_error, 2
std::multimap, 39
std::basic_string, 52
std::bitset, 2
std::nothrow_t, 4
std::map, 314
std::forward_iterator_tag, 2
std::pair, 87
std::reverse_iterator, 4
std::set, 245
std::basic_ostringstream, 2
