total STD functions, total function uses, total STD classes, total class uses
155, 1202, 9, 81

STD function name, use count
std::get, 24
std::__atomic_base::exchange, 1
std::stack::pop, 1
std::set::insert, 1
std::basic_string::compare, 4
std::tie, 11
std::basic_string::size, 20
std::map::find, 10
std::_Rb_tree_const_iterator::operator*, 3
std::basic_string::insert, 1
std::bitset::reset, 3
std::basic_string::c_str, 154
std::array::operator[], 3
std::bitset::operator[], 39
std::vector::operator[], 160
std::basic_string::find_first_not_of, 5
std::vector::back, 2
std::basic_string::reserve, 1
std::basic_string::substr, 41
std::__atomic_base::operator++, 2
std::map::clear, 4
std::basic_string::at, 2
std::bitset::any, 2
std::basic_string::back, 2
std::basic_string::rfind, 2
std::_Rb_tree_iterator::operator=, 1
std::basic_string::cbegin, 1
std::_Rb_tree_const_iterator::operator->, 4
std::isnan, 5
std::abs, 5
std::tuple::operator=, 20
std::queue::empty, 1
std::array::begin, 2
std::function::operator _Bool, 1
std::_Rb_tree_const_iterator::operator++, 3
std::round, 2
std::vector::push_back, 27
std::vector::vector, 1
std::set::end, 1
std::basic_string::append, 15
std::basic_string::cend, 1
std::__atomic_base::operator=, 3
std::_Rb_tree_iterator::operator==, 3
std::array::end, 2
std::basic_string::assign, 5
std::basic_string::replace, 1
std::pair::operator=, 1
std::basic_string::empty, 33
std::_Rb_tree_iterator::operator*, 8
std::queue::pop, 1
std::basic_string::basic_string, 15
std::vector::swap, 2
std::basic_string::length, 6
std::_Rb_tree_iterator::operator!=, 9
std::map::operator[], 24
std::map::begin, 9
std::replace, 5
std::basic_string::operator+=, 2
std::basic_string::clear, 5
std::lround, 2
std::set::erase, 1
std::vector::empty, 2
std::operator<, 28
std::stack::top, 1
std::queue::push, 1
std::operator==, 35
std::map::empty, 3
std::basic_string::find_last_of, 5
std::bitset::operator=, 1
std::operator!=, 5
std::bitset::reference::operator=, 10
std::stack::push, 1
std::vector::clear, 4
std::map::erase, 5
std::map::size, 5
std::_Rb_tree_iterator::operator++, 7
std::vector::size, 22
std::minmax, 3
std::operator+, 23
std::_Rb_tree_iterator::operator->, 4
std::map::end, 18
std::basic_string::begin, 7
std::basic_string::operator[], 13
std::function::operator=, 5
std::basic_string::end, 7
std::queue::front, 1
std::_Rb_tree_const_iterator::operator!=, 7
std::__atomic_base::operator--, 1
std::vector::begin, 29
std::basic_string::operator=, 89
std::function::operator(), 6
std::vector::end, 29
std::_Rb_tree_const_iterator::operator=, 4
std::set::begin, 1
std::min, 17
std::make_tuple, 11
std::basic_string::find, 7
std::basic_string::front, 3
std::basic_string::find_first_of, 15
std::max, 7
std::bitset::reference::operator _Bool, 29
std::stack::empty, 1
std::__atomic_base::load, 3
std::tuple::tuple, 1
std::bitset::none, 1

STD class name, use count
std::vector, 37
std::tuple, 15
std::function, 9
std::bitset, 5
std::array, 3
std::map, 8
std::queue, 1
std::set, 2
std::stack, 1
