total STD functions, total function uses, total STD classes, total class uses
167, 3319, 6, 478

STD function name, use count
std::_Rb_tree_const_iterator::_Rb_tree_const_iterator, 1
std::set::insert, 12
std::basic_string::compare, 2
std::basic_string::size, 222
std::map::find, 13
std::map::rend, 2
std::map::lower_bound, 3
std::_Rb_tree_const_iterator::operator*, 12
std::set::count, 3
std::deque::back, 2
std::basic_string::c_str, 339
std::vector::pop_back, 1
std::basic_string::data, 124
std::_Deque_iterator::operator++, 2
std::vector::operator[], 475
std::vector::back, 2
std::map::operator=, 3
std::set::rend, 2
std::basic_string::resize, 26
std::basic_string::max_size, 1
std::set::find, 2
std::basic_string::substr, 3
std::vector::capacity, 1
std::map::clear, 1
std::set::rbegin, 3
std::vector::at, 35
std::basic_string::rfind, 1
std::_Rb_tree_iterator::operator=, 5
std::_Rb_tree_const_iterator::operator->, 25
std::sort, 5
std::deque::begin, 1
std::set::~set, 1
std::vector::resize, 2
std::_Rb_tree_const_iterator::operator==, 5
std::_Rb_tree_const_iterator::operator++, 17
std::map::rbegin, 3
std::vector::push_back, 189
std::vector::vector, 8
std::set::size, 4
std::set::end, 11
std::basic_string::append, 208
std::nth_element, 1
std::set::clear, 1
std::_Rb_tree_iterator::operator==, 9
std::basic_string::assign, 25
std::basic_string::push_back, 58
std::basic_string::empty, 50
std::map::map, 2
std::deque::front, 5
std::vector::swap, 1
std::basic_string::basic_string, 84
std::_Rb_tree_iterator::operator!=, 6
std::basic_string::length, 2
std::map::operator[], 13
std::map::begin, 17
std::vector::erase, 1
std::basic_string::operator+=, 45
std::basic_string::clear, 36
std::reverse_iterator::operator++, 3
std::set::lower_bound, 1
std::swap, 2
std::vector::empty, 36
std::set::erase, 9
std::operator<<, 12
std::operator<, 3
std::deque::empty, 5
std::set::empty, 4
std::reverse_iterator::operator->, 4
std::basic_ostream::operator<<, 3
std::transform, 3
std::deque::push_back, 2
std::map::empty, 2
std::operator==, 66
std::vector::reserve, 4
std::vector::operator=, 5
std::make_pair, 14
std::basic_string::rbegin, 1
std::operator>=, 2
std::operator!=, 26
std::vector::clear, 33
std::map::erase, 7
std::basic_string::swap, 2
std::basic_string::~basic_string, 1
std::deque::pop_front, 2
std::_Rb_tree_const_iterator::operator--, 3
std::set::upper_bound, 1
std::deque::end, 1
std::map::size, 2
std::_Rb_tree_iterator::operator++, 4
std::map::insert, 7
std::vector::size, 337
std::upper_bound, 1
std::operator+, 127
std::_Rb_tree_iterator::operator->, 8
std::map::end, 30
std::basic_string::begin, 7
std::basic_string::capacity, 2
std::reverse_iterator::operator*, 4
std::basic_string::operator[], 63
std::basic_string::end, 3
std::_Rb_tree_const_iterator::operator!=, 17
std::vector::begin, 39
std::basic_string::operator=, 198
std::map::~map, 1
std::vector::end, 39
std::_Rb_tree_const_iterator::operator=, 11
std::min, 8
std::set::begin, 10
std::basic_string::find, 3
std::basic_stringstream::str, 1
std::basic_string::rend, 1
std::max, 3
std::operator<=, 1
std::vector::insert, 1
std::_Deque_iterator::operator*, 1

STD class name, use count
std::deque, 3
std::vector, 413
std::queue, 2
std::map, 29
std::pair, 5
std::set, 26
