total STD functions, total function uses, total STD classes, total class uses
222, 14352, 9, 546

STD function name, use count
std::basic_string::compare, 74
std::basic_ifstream::basic_ifstream, 1
std::basic_string::size, 20
std::basic_istream::tellg, 1
std::map::find, 35
std::basic_istream::peek, 1
std::ios_base::precision, 63
std::basic_string::c_str, 104
std::pow, 61
std::basic_string::data, 40
std::basic_ofstream::open, 48
std::ios_base::unsetf, 10
std::ios_base::setf, 28
std::vector::operator[], 1130
std::basic_string::find_first_not_of, 5
std::map::count, 2
std::fpos::operator long, 1
std::basic_string::resize, 1
std::sqrt, 6
std::has_facet, 13
std::basic_ifstream::close, 47
std::basic_string::substr, 14
std::basic_ios::fail, 44
std::basic_ifstream::open, 49
std::__ctype_abstract_base::toupper, 1
std::_Rb_tree_const_iterator::operator->, 4
std::sort, 19
std::vector::resize, 75
std::abs, 35
std::unique, 17
std::distance, 1
std::_Rb_tree_const_iterator::operator==, 1
std::vector::vector, 8
std::vector::push_back, 171
std::basic_string::append, 120
std::_Rb_tree_iterator::operator==, 28
std::basic_string::assign, 17
std::getline, 126
std::basic_istream::read, 1
std::pair::operator=, 2
std::basic_string::empty, 2
std::vector::~vector, 12
std::operator|, 8
std::basic_string::basic_string, 42
std::_Rb_tree_iterator::operator!=, 3
std::basic_string::length, 6
std::basic_istream::operator>>, 905
std::map::operator[], 3
std::map::begin, 1
std::vector::erase, 21
std::__ctype_abstract_base::is, 11
std::remove, 1
std::pair::pair, 54
std::basic_string::operator+=, 15
std::operator>>, 204
std::vector::empty, 13
std::operator<<, 4434
std::operator<, 14
std::copy, 1
std::basic_istream::ignore, 1
std::use_facet, 13
std::basic_ostream::operator<<, 4260
std::transform, 2
std::operator==, 164
std::basic_istringstream::basic_istringstream, 102
std::basic_ios::operator!, 40
std::basic_string::find_last_of, 8
std::max_element, 2
std::reverse, 1
std::operator!=, 2
std::__ctype_abstract_base::tolower, 1
std::mismatch, 2
std::basic_ios::operator void *, 44
std::vector::clear, 49
std::map::erase, 2
std::basic_string::~basic_string, 46
std::find, 1
std::basic_ostream::flush, 12
std::map::insert, 54
std::_Rb_tree_iterator::operator++, 1
std::basic_string::erase, 62
std::vector::size, 241
std::basic_istream::get, 7
std::_Rb_tree_iterator::operator->, 1
std::basic_istream::seekg, 2
std::operator+, 35
std::basic_ios::good, 4
std::ios_base::width, 195
std::basic_string::begin, 9
std::map::end, 32
std::numeric_limits::epsilon, 1
std::basic_string::operator[], 3
std::basic_string::end, 20
std::vector::begin, 88
std::basic_ofstream::close, 41
std::basic_string::operator=, 318
std::vector::end, 51
std::bad_alloc::bad_alloc, 3
std::basic_stringstream::basic_stringstream, 7
std::min, 71
std::basic_string::find, 40
std::basic_stringstream::str, 10
std::basic_string::find_first_of, 4
std::locale::classic, 13
std::max, 108
std::vector::insert, 5

STD class name, use count
std::numeric_limits, 1
std::vector, 406
std::bad_alloc, 3
std::ctype, 26
std::ios_base, 9
std::map, 63
std::ctype_base, 11
std::locale, 26
std::pair, 1
