total STD functions, total function uses, total STD classes, total class uses
502, 16409, 15, 1035

STD function name, use count
std::set::insert, 142
std::basic_ifstream::basic_ifstream, 16
std::multimap::equal_range, 2
std::_Deque_iterator::operator->, 6
std::basic_string::size, 81
std::basic_istream::getline, 1
std::set::operator=, 6
std::_Rb_tree_const_iterator::operator*, 52
std::basic_string::insert, 2
std::set::count, 16
std::type_info::name, 2
std::vector::pop_back, 13
std::map::count, 6
std::basic_string::resize, 5
std::basic_ostream::tellp, 1
std::set::find, 50
std::basic_string::at, 1
std::deque::operator=, 1
std::_Rb_tree_iterator::operator=, 2
std::_Rb_tree_const_iterator::operator->, 45
std::multimap::clear, 1
std::_List_iterator::operator->, 21
std::vector::resize, 1
std::multimap::empty, 7
std::queue::empty, 2
std::_Rb_tree_const_iterator::operator==, 29
std::_Rb_tree_const_iterator::operator++, 54
std::vector::vector, 18
std::vector::push_back, 551
std::multimap::begin, 9
std::set::size, 19
std::set::end, 107
std::set::clear, 13
std::deque::size, 2
std::auto_ptr::release, 1
std::_Rb_tree_iterator::operator==, 15
std::multimap::size, 17
std::runtime_error::runtime_error, 57
std::basic_string::push_back, 13
std::auto_ptr::auto_ptr, 2
std::basic_string::empty, 146
std::queue::pop, 2
std::operator|, 1
std::deque::front, 3
std::basic_string::basic_string, 839
std::inserter, 1
std::basic_string::length, 40
std::map::operator[], 399
std::list::insert, 2
std::vector::erase, 5
std::multimap::count, 1
std::list::size, 2
std::basic_string::clear, 14
std::basic_ostringstream::basic_ostringstream, 1
std::reverse_iterator::operator++, 2
std::set::erase, 7
std::operator<, 24
std::queue::push, 4
std::transform, 1
std::basic_ostringstream::str, 27
std::operator==, 664
std::vector::operator=, 37
std::make_pair, 288
std::basic_ios::operator!, 2
std::operator>=, 22
std::basic_ofstream::rdbuf, 1
std::operator!=, 133
std::list::end, 27
std::basic_ios::operator void *, 7
std::vector::clear, 23
std::list::~list, 1
std::deque::pop_front, 4
std::basic_ostream::flush, 4
std::map::insert, 3
std::map::size, 10
std::deque::end, 6
std::numeric_limits::max, 5
std::basic_string::erase, 19
std::vector::size, 558
std::basic_istream::get, 1
std::_List_iterator::operator*, 11
std::replace_if, 1
std::basic_ofstream::close, 12
std::basic_stringstream::basic_stringstream, 2
std::vector::end, 90
std::_Rb_tree_const_iterator::operator=, 18
std::set::begin, 59
std::basic_stringstream::str, 30
std::basic_string::find_first_of, 14
std::max, 20
std::operator<=, 22
std::basic_ostream::write, 3
std::multimap::end, 8
std::vector::rend, 2
std::stack::pop, 4
std::basic_string::compare, 12
std::vector::rbegin, 2
std::list::empty, 3
std::basic_ofstream::is_open, 2
std::insert_iterator::insert_iterator, 1
std::set::set, 3
std::_List_const_iterator::operator!=, 9
std::map::find, 50
std::basic_string::c_str, 546
std::basic_ios::eof, 4
std::basic_ofstream::open, 4
std::basic_string::data, 5
std::basic_ostream::basic_ostream, 1
std::list::operator=, 3
std::vector::operator[], 752
std::_Deque_iterator::operator++, 3
std::basic_ofstream::~basic_ofstream, 1
std::_List_iterator::operator!=, 15
std::basic_string::find_first_not_of, 12
std::vector::back, 19
std::basic_ifstream::is_open, 7
std::map::operator=, 2
std::basic_ostream::seekp, 1
std::_List_iterator::operator++, 17
std::basic_ifstream::close, 10
std::basic_string::substr, 99
std::basic_ios::fail, 5
std::map::clear, 1
std::vector::at, 3
std::basic_ifstream::open, 7
std::ios_base::flags, 2
std::basic_string::rfind, 19
std::sort, 2
std::deque::begin, 5
std::abs, 1
std::merge, 1
std::_List_const_iterator::operator++, 8
std::_List_const_iterator::operator*, 3
std::basic_string::append, 15
std::basic_string::find_last_not_of, 3
std::set_intersection, 1
std::auto_ptr::operator->, 6
std::basic_string::assign, 1
std::getline, 11
std::basic_string::replace, 7
std::count, 3
std::pair::operator=, 264
std::basic_ios::clear, 1
std::_List_const_iterator::operator->, 25
std::fpos::operator=, 2
std::basic_istream::operator>>, 9
std::_Rb_tree_iterator::operator!=, 62
std::map::begin, 49
std::_List_iterator::operator=, 2
std::pair::pair, 3
std::basic_string::operator+=, 245
std::list::push_back, 25
std::auto_ptr::get, 1
std::deque::operator[], 9
std::operator>>, 8
std::vector::empty, 98
std::deque::empty, 3
std::operator<<, 4805
std::multimap::erase, 1
std::set::empty, 22
std::stack::top, 4
std::copy, 1
std::deque::push_back, 4
std::basic_ostream::operator<<, 881
std::map::empty, 31
std::deque::push_front, 1
std::basic_istringstream::basic_istringstream, 4
std::stack::push, 5
std::map::erase, 3
std::vector::front, 15
std::basic_ifstream::rdbuf, 2
std::find, 6
std::basic_streambuf::pubsetbuf, 1
std::list::erase, 3
std::_Rb_tree_iterator::operator++, 50
std::list::begin, 26
std::_Rb_tree_iterator::operator->, 85
std::operator+, 1824
std::operator>, 22
std::multimap::insert, 6
std::basic_ios::good, 10
std::basic_string::begin, 10
std::ios_base::width, 1
std::map::end, 95
std::setfill, 4
std::reverse_iterator::operator*, 2
std::operator&, 4
std::basic_string::operator[], 71
std::basic_string::end, 17
std::queue::front, 2
std::_Rb_tree_const_iterator::operator!=, 94
std::vector::begin, 84
std::basic_string::operator=, 556
std::basic_ofstream::basic_ofstream, 11
std::min, 7
std::basic_string::find, 102
std::setw, 5
std::stack::empty, 7
std::vector::insert, 11

STD class name, use count
std::numeric_limits, 5
std::deque, 5
std::vector, 509
std::multimap, 17
std::list, 44
std::ios_base, 3
std::exception, 1
std::insert_iterator, 1
std::queue, 2
std::map, 146
std::pair, 51
std::runtime_error, 68
std::auto_ptr, 2
std::stack, 4
std::set, 177
