total STD functions, total function uses, total STD classes, total class uses
20, 42, 2, 5

STD function name, use count
std::map::emplace, 1
std::basic_string::basic_string, 6
std::map::insert, 1
std::basic_string::size, 3
std::operator+, 2
std::basic_string::begin, 1
std::basic_string::insert, 2
std::basic_string::c_str, 4
std::basic_string::data, 1
std::basic_string::end, 3
std::basic_string::operator=, 6
std::copy, 1
std::operator==, 6
std::make_pair, 1
std::basic_string::substr, 1
std::basic_string::push_back, 1
std::basic_string::empty, 1
std::advance, 1

STD class name, use count
std::iterator_traits, 1
std::map, 4
