total STD functions, total function uses, total STD classes, total class uses
418, 6373, 52, 917

STD function name, use count
std::basic_istream::basic_istream, 1
std::unordered_set::swap, 1
std::__detail::_Node_const_iterator::operator++, 25
std::_Bit_iterator::operator*, 1
std::set::operator=, 2
std::_Rb_tree_const_iterator::operator*, 79
std::ios_base::precision, 8
std::type_info::name, 7
std::__shared_ptr::unique, 4
std::basic_string::resize, 5
std::shared_ptr::operator=, 22
std::chrono::operator>=, 1
std::shared_ptr::shared_ptr, 5
std::basic_string::cbegin, 1
std::atomic_flag::test_and_set, 2
std::unique_ptr::operator[], 15
std::set::~set, 3
std::_List_iterator::operator->, 10
std::_Rb_tree_const_iterator::operator++, 38
std::basic_streambuf::gptr, 3
std::system_error::system_error, 2
std::set::size, 5
std::set::end, 141
std::unordered_map::emplace, 2
std::set::clear, 4
std::deque::size, 3
std::_Rb_tree_iterator::operator==, 37
std::reverse_iterator::base, 1
std::runtime_error::runtime_error, 2
std::stable_sort, 3
std::basic_string::push_back, 17
std::__detail::_Node_iterator::operator->, 35
std::_Rb_tree_iterator::operator*, 116
std::operator|, 8
std::forward_as_tuple, 2
std::basic_string::basic_string, 29
std::unordered_set::end, 4
std::basic_string::length, 11
std::unique_ptr::reset, 1
std::hash::operator(), 1
std::list::insert, 2
std::vector::erase, 18
std::unique_lock::lock, 1
std::basic_ios::fill, 7
std::this_thread::sleep_for, 1
std::set::erase, 5
std::chrono::time_point::operator=, 4
std::chrono::duration_cast, 5
std::basic_ostringstream::str, 3
std::initializer_list::begin, 5
std::vector::reserve, 1
std::basic_string::pop_back, 1
std::operator!=, 10
std::list::end, 17
std::__detail::_Node_iterator::operator*, 18
std::basic_streambuf::eback, 1
std::chrono::_V2::steady_clock::now, 7
std::map::insert, 10
std::logic_error::logic_error, 2
std::_List_iterator::operator*, 7
std::function::operator=, 8
std::unique_ptr::operator->, 2
std::operator*, 8
std::chrono::operator-, 6
std::set::begin, 20
std::thread::join, 1
std::basic_stringstream::str, 2
std::stack::pop, 10
std::addressof, 4
std::array::fill, 1
std::__detail::_Node_const_iterator::operator=, 1
std::__atomic_base::store, 4
std::unordered_map::end, 72
std::pow, 2
std::search, 2
std::basic_string::data, 16
std::vector::back, 68
std::_List_iterator::operator!=, 15
std::_List_iterator::operator++, 12
std::basic_string::substr, 9
std::_Bit_iterator_base::operator!=, 2
std::ios_base::flags, 6
std::basic_string::rfind, 2
std::unordered_map::clear, 5
std::sort, 11
std::abs, 7
std::error_code::operator=, 2
std::basic_string::append, 18
std::basic_string::assign, 29
std::numeric_limits::min, 1
std::for_each, 2
std::basic_string::replace, 2
std::condition_variable::notify_one, 1
std::initializer_list::end, 5
std::basic_istream::operator>>, 1
std::_Rb_tree_iterator::operator!=, 65
std::map::begin, 59
std::pair::pair, 3
std::unordered_map::size, 2
std::__shared_ptr::operator _Bool, 13
std::list::push_back, 2
std::swap, 14
std::vector::empty, 37
std::deque::empty, 2
std::operator<<, 26
std::set::empty, 7
std::stack::top, 15
std::copy, 1
std::deque::push_back, 1
std::basic_ostream::operator<<, 11
std::map::empty, 8
std::move, 439
std::chrono::_V2::system_clock::from_time_t, 3
std::__detail::operator==, 23
std::vector::front, 3
std::list::clear, 1
std::find, 13
std::list::erase, 1
std::__detail::_Node_const_iterator::operator->, 44
std::stof, 3
std::_Rb_tree_iterator::operator++, 38
std::list::begin, 14
std::operator+, 76
std::_Rb_tree_iterator::operator->, 29
std::ios_base::width, 6
std::mersenne_twister_engine::mersenne_twister_engine, 1
std::operator&, 3
std::basic_string::operator[], 24
std::make_shared, 9
std::_Bit_iterator::operator++, 1
std::_Rb_tree_const_iterator::operator!=, 161
std::vector::begin, 95
std::unique_lock::unique_lock, 2
std::unordered_set::unordered_set, 1
std::basic_string::operator=, 110
std::function::operator(), 1
std::min, 101
std::error_code::message, 5
std::vector::emplace_back, 8
std::unique_lock::unlock, 1
std::lower_bound, 4
std::stack::empty, 9
std::basic_streambuf::setg, 2
std::vector::insert, 18
std::set::insert, 27
std::__shared_ptr::operator*, 1
std::basic_string::size, 58
std::basic_string::insert, 8
std::deque::back, 1
std::lock_guard::lock_guard, 5
std::vector::pop_back, 7
std::unordered_map::operator[], 26
std::ios_base::unsetf, 1
std::_Bit_reference::operator=, 1
std::set::find, 121
std::basic_string::reserve, 4
std::array::operator=, 1
std::basic_string::back, 19
std::fill, 1
std::__shared_ptr::get, 2
std::set_difference, 1
std::__detail::operator!=, 60
std::forward, 298
std::tuple_cat, 1
std::_Rb_tree_iterator::operator=, 9
std::_Rb_tree_const_iterator::operator->, 9
std::vector::resize, 30
std::tuple::operator=, 3
std::queue::empty, 9
std::_Rb_tree_const_iterator::operator==, 11
std::unordered_map::cbegin, 5
std::round, 3
std::unordered_map::insert, 1
std::vector::vector, 10
std::vector::push_back, 178
std::unordered_map::find, 43
std::copy_n, 4
std::unique_ptr::operator=, 4
std::thread::operator=, 1
std::unordered_set::find, 2
std::vector::cbegin, 1
std::basic_ios::copyfmt, 1
std::unordered_map::erase, 9
std::unordered_set::clear, 1
std::basic_string::empty, 20
std::queue::pop, 8
std::deque::front, 1
std::equal, 1
std::map::operator[], 163
std::__detail::_Node_iterator::operator++, 19
std::basic_string::clear, 5
std::_Bit_const_iterator::operator++, 1
std::queue::push, 16
std::chrono::time_point::time_since_epoch, 1
std::unique_ptr::get, 57
std::transform, 2
std::operator==, 78
std::vector::operator=, 11
std::make_pair, 11
std::basic_string::find_last_of, 1
std::unique_ptr::operator*, 3
std::vector::clear, 35
std::chrono::duration::duration, 6
std::deque::pop_front, 1
std::unordered_map::operator=, 1
std::hash::hash, 2
std::map::size, 1
std::basic_string::erase, 3
std::numeric_limits::max, 3
std::thread::detach, 3
std::vector::size, 340
std::upper_bound, 4
std::set::swap, 2
std::vector::end, 90
std::operator~, 1
std::max, 113
std::char_traits::eof, 2
std::char_traits::to_int_type, 2
std::basic_ostream::write, 5
std::declval, 2
std::uniform_int_distribution::operator(), 2
std::get, 53
std::error_code::operator _Bool, 45
std::tie, 3
std::basic_string::compare, 1
std::chrono::operator<, 1
std::unordered_set::insert, 2
std::_Bit_const_iterator::operator*, 1
std::unordered_set::begin, 2
std::map::find, 78
std::basic_string::c_str, 342
std::basic_ios::rdbuf, 1
std::array::operator[], 11
std::ios_base::setf, 19
std::vector::operator[], 447
std::basic_streambuf::egptr, 2
std::map::operator=, 2
std::find_end, 2
std::to_string, 5
std::map::clear, 16
std::unordered_map::unordered_map, 1
std::generic_category, 2
std::isnan, 5
std::unique, 1
std::vector::cend, 1
std::deque::pop_back, 1
std::chrono::duration::count, 5
std::vector::data, 24
std::error_code::error_code, 2
std::reverse_iterator::reverse_iterator, 2
std::__shared_ptr::operator->, 29
std::random_device::operator(), 1
std::__detail::_Node_const_iterator::operator*, 29
std::pair::operator=, 5
std::back_inserter, 3
std::thread::thread, 3
std::basic_string::operator+=, 170
std::deque::operator[], 7
std::unordered_map::cend, 5
std::deque::push_front, 1
std::__detail::_Node_iterator::operator=, 4
std::mismatch, 2
std::stack::push, 19
std::map::erase, 7
std::array::data, 126
std::thread::joinable, 2
std::map::end, 134
std::basic_string::begin, 8
std::basic_string::end, 7
std::queue::front, 10
std::condition_variable::wait_for, 1
std::basic_string::find, 4
std::unique_ptr::unique_ptr, 37
std::chrono::_V2::system_clock::to_time_t, 1
std::__atomic_base::load, 2
std::unordered_map::begin, 32

STD class name, use count
std::numeric_limits, 16
std::deque, 3
std::mutex, 9
std::atomic, 2
std::list, 5
std::uniform_int_distribution, 1
std::exception, 3
std::queue, 11
std::decay, 5
std::enable_if, 6
std::integral_constant, 1
std::error_code, 116
std::shared_ptr, 54
std::input_iterator_tag, 1
std::multimap, 3
std::basic_string, 6
std::system_error, 42
std::map, 58
std::aligned_storage, 1
std::pair, 48
std::condition_variable, 1
std::runtime_error, 1
std::reverse_iterator, 2
std::chrono::_V2::steady_clock, 1
std::vector, 246
std::initializer_list, 8
std::iterator, 1
std::function, 9
std::chrono::_V2::system_clock, 14
std::tuple_size, 4
std::is_floating_point, 1
std::unordered_map, 37
std::unique_lock, 2
std::unordered_set, 11
std::lock_guard, 5
std::recursive_mutex, 2
std::is_integral, 1
std::stack, 10
std::result_of, 9
std::tuple, 6
std::logic_error, 1
std::is_pod, 4
std::alignment_of, 1
std::thread, 4
std::is_array, 1
std::array, 75
std::atomic_flag, 2
std::random_device, 1
std::unique_ptr, 43
std::error_category, 3
std::char_traits, 3
std::set, 17
