total STD functions, total function uses, total STD classes, total class uses
241, 2243, 12, 263

STD function name, use count
std::_Deque_iterator::operator=, 2
std::mem_fun, 2
std::set::insert, 1
std::list::back, 1
std::_Deque_iterator::operator->, 11
std::basic_string::size, 10
std::_List_iterator::operator==, 4
std::basic_fstream::open, 1
std::basic_ios::bad, 1
std::vector::pop_back, 4
std::_Bit_reference::operator=, 8
std::deque::clear, 6
std::basic_string::resize, 2
std::set::find, 1
std::ptr_fun, 5
std::fill, 2
std::find_if, 1
std::set_difference, 1
std::_Rb_tree_const_iterator::operator->, 14
std::_List_iterator::operator->, 20
std::vector::resize, 42
std::queue::empty, 1
std::basic_fstream::close, 5
std::pop_heap, 1
std::distance, 1
std::_Rb_tree_const_iterator::operator==, 2
std::_Rb_tree_const_iterator::operator++, 2
std::vector::vector, 16
std::vector::push_back, 76
std::set::size, 3
std::set::end, 2
std::set::clear, 1
std::deque::size, 8
std::multiset::insert, 3
std::basic_string::push_back, 4
std::stable_sort, 2
std::auto_ptr::auto_ptr, 1
std::basic_string::empty, 4
std::queue::pop, 1
std::deque::front, 2
std::basic_string::basic_string, 13
std::basic_fstream::is_open, 1
std::basic_string::length, 1
std::map::operator[], 5
std::vector::erase, 18
std::remove, 1
std::remove_if, 2
std::list::size, 3
std::basic_string::clear, 3
std::reverse_iterator::operator++, 2
std::basic_ostringstream::str, 3
std::operator==, 12
std::vector::reserve, 2
std::vector::operator=, 28
std::make_pair, 5
std::basic_string::find_last_of, 3
std::fill_n, 4
std::reverse, 1
std::operator!=, 13
std::basic_ios::operator void *, 1
std::list::end, 32
std::vector::clear, 59
std::make_heap, 1
std::deque::pop_front, 3
std::deque::erase, 2
std::map::insert, 1
std::mem_fun_ref, 1
std::deque::end, 5
std::basic_string::erase, 5
std::vector::size, 238
std::upper_bound, 2
std::_List_iterator::operator*, 26
std::operator*, 10
std::vector::end, 121
std::_Rb_tree_const_iterator::operator=, 2
std::set::begin, 3
std::basic_stringstream::str, 2
std::push_heap, 1
std::basic_string::find_first_of, 1
std::max, 82
std::vector::rend, 2
std::list::push_front, 5
std::vector::rbegin, 2
std::list::empty, 5
std::vector::assign, 2
std::list::remove, 2
std::multiset::erase, 1
std::map::find, 4
std::basic_string::c_str, 62
std::pow, 4
std::vector::operator[], 388
std::_Deque_iterator::operator++, 4
std::_List_iterator::operator!=, 27
std::vector::back, 8
std::list::swap, 1
std::sqrt, 1
std::_List_iterator::operator++, 22
std::basic_string::substr, 1
std::map::clear, 3
std::vector::at, 3
std::sort, 18
std::deque::begin, 4
std::multiset::lower_bound, 1
std::abs, 1
std::unique, 2
std::basic_string::append, 3
std::multiset::end, 2
std::operator-, 6
std::list::pop_front, 1
std::getline, 1
std::for_each, 5
std::pair::operator=, 1
std::_List_iterator::operator--, 8
std::vector::swap, 1
std::bind2nd, 3
std::_Rb_tree_iterator::operator!=, 5
std::map::begin, 3
std::_List_iterator::operator=, 9
std::pair::pair, 3
std::basic_string::operator+=, 6
std::list::push_back, 8
std::operator/, 2
std::deque::operator[], 3
std::swap, 38
std::vector::empty, 58
std::operator<<, 81
std::deque::empty, 2
std::copy, 5
std::basic_ostream::operator<<, 17
std::deque::push_back, 6
std::map::empty, 3
std::_Deque_iterator::operator-, 1
std::basic_string::rbegin, 1
std::basic_istringstream::basic_istringstream, 1
std::list::splice, 1
std::map::erase, 3
std::list::clear, 11
std::vector::front, 23
std::complex::real, 2
std::find, 10
std::list::erase, 4
std::_Rb_tree_iterator::operator++, 3
std::list::begin, 35
std::_Bit_reference::operator _Bool, 10
std::operator+, 29
std::_Rb_tree_iterator::operator->, 6
std::map::end, 7
std::basic_string::begin, 2
std::reverse_iterator::operator*, 2
std::basic_string::operator[], 11
std::basic_string::end, 2
std::_Rb_tree_const_iterator::operator!=, 3
std::vector::begin, 124
std::basic_string::operator=, 7
std::min, 76
std::basic_string::find, 2
std::basic_string::rend, 1
std::exp, 2
std::lower_bound, 5
std::vector::insert, 6
std::list::front, 7
std::_Deque_iterator::operator*, 1

STD class name, use count
std::numeric_limits, 1
std::deque, 8
std::vector, 172
std::basic_ostream, 2
std::list, 24
std::complex, 8
std::queue, 1
std::map, 13
std::multiset, 2
std::pair, 28
std::auto_ptr, 1
std::set, 3
