446, 259
0, 13
0, 132
226, 53
18, 6
52, 27
0, 6

function templates with default arguments
capnp::DynamicValue::Builder::Builder, //c++/src/capnp/dynamic.h, //711, //9, //Kenton Varda, //20130514
capnp::DynamicValue::Reader::Reader, //c++/src/capnp/dynamic.h, //612, //9, //Kenton Varda, //20131015
capnp::kind, //c++/src/capnp/common.h, //164, //22, //Kenton Varda, //20130708
capnp::_::checkList, //c++/src/capnp/test-util.h, //143, //5, //Kenton Varda, //20141123
capnp::_::checkList, //c++/src/capnp/test-util.h, //151, //5, //Kenton Varda, //20141124
capnp::schemaProto, //c++/src/capnp/schema-lite.h, //41, //28, //Kenton Varda, //20141025
capnp::schemaProto, //c++/src/capnp/schema-lite.h, //35, //28, //Kenton Varda, //20141025
capnp::typeId, //c++/src/capnp/generated-header-support.h, //489, //26, //Kenton Varda, //20141020
capnp::_::rawSchema, //c++/src/capnp/generated-header-support.h, //242, //24, //Kenton Varda, //20141020
capnp::_::rawBrandedSchema, //c++/src/capnp/generated-header-support.h, //255, //31, //Kenton Varda, //20141024
capnp::_::structSize, //c++/src/capnp/layout.h, //182, //28, //Kenton Varda, //20141020
kj::StringPtr::StringPtr, //c++/src/kj/string.h, //66, //9, //Kenton Varda, //20130828
kj::StringPtr::operator type-parameter-0-0, //c++/src/kj/string.h, //72, //9, //Kenton Varda, //20130828
kj::_::Stringifier::operator*, //c++/src/kj/string.h, //304, //16, //Kenton Varda, //20141024
capnp::typeId, //c++/src/capnp/generated-header-support.h, //491, //26, //Kenton Varda, //20141020
capnp::_::rawSchema, //c++/src/capnp/generated-header-support.h, //246, //24, //Kenton Varda, //20130510
capnp::Text::Reader::Reader, //c++/src/capnp/blob.h, //86, //9, //Kenton Varda, //20130828
capnp::_::rawBrandedSchema, //c++/src/capnp/generated-header-support.h, //251, //31, //Kenton Varda, //20141012

variadic function templates
kj::parse::oneOf, //c++/src/kj/parse/common.h, //599, //32, //Kenton Varda, //20130617
kj::parse::sequence, //c++/src/kj/parse/common.h, //344, //35, //Kenton Varda, //20130617
kj::_::Debug::log, //c++/src/kj/debug.h, //386, //12, //Kenton Varda, //20141229
kj::Arena::allocate, //c++/src/kj/arena.h, //138, //10, //Kenton Varda, //20131129
kj::ctor, //c++/src/kj/common.h, //735, //12, //Kenton Varda, //20130529
kj::StringTree::concat, //c++/src/kj/string-tree.h, //194, //23, //Kenton Varda, //20130806
kj::StringTree::fill, //c++/src/kj/string-tree.h, //174, //17, //Kenton Varda, //20130806
kj::StringTree::fill, //c++/src/kj/string-tree.h, //180, //17, //Kenton Varda, //20130806
kj::StringTree::fill, //c++/src/kj/string-tree.h, //187, //17, //Kenton Varda, //20130806
kj::_::fill, //c++/src/kj/string-tree.h, //121, //6, //Kenton Varda, //20130806
kj::_::fill, //c++/src/kj/string.h, //226, //6, //Kenton Varda, //20130531
kj::str, //c++/src/kj/string.h, //331, //7, //Kenton Varda, //20130531
kj::strTree, //c++/src/kj/string-tree.h, //206, //11, //Kenton Varda, //20130806
kj::_::Debug::Fault::Fault, //c++/src/kj/debug.h, //398, //14, //Kenton Varda, //20141128
kj::Vector::add, //c++/src/kj/vector.h, //75, //12, //Kenton Varda, //20130725
kj::CaptureByMove::operator(), //c++/src/kj/async.h, //372, //14, //Kenton Varda, //20131003
kj::_::concat, //c++/src/kj/string.h, //236, //7, //Kenton Varda, //20130531
kj::_::Debug::Fault::Fault, //c++/src/kj/debug.h, //407, //14, //Kenton Varda, //20141123
kj::_::Debug::makeDescription, //c++/src/kj/debug.h, //442, //14, //Kenton Varda, //20141123
kj::OneOf::doAll, //c++/src/kj/one-of.h, //105, //14, //Kenton Varda, //20131008
kj::OneOf::init, //c++/src/kj/one-of.h, //77, //7, //Kenton Varda, //20131008
kj::OneOf::maxSize, //c++/src/kj/one-of.h, //90, //33, //Kenton Varda, //20131008
kj::_::PtmfHelper::from, //c++/src/kj/async-inl.h, //271, //20, //Kenton Varda, //20150504
kj::_::PtmfHelper::from, //c++/src/kj/async-inl.h, //277, //20, //Kenton Varda, //20150504
kj::_::PtmfHelper::from, //c++/src/kj/async-inl.h, //279, //20, //Kenton Varda, //20150504
kj::apply, //c++/src/kj/tuple.h, //348, //12, //Kenton Varda, //20130611
kj::parse::Sequence_::Sequence_, //c++/src/kj/parse/common.h, //298, //21, //Kenton Varda, //20130617
kj::parse::Sequence_::parseNext, //c++/src/kj/parse/common.h, //310, //7, //Kenton Varda, //20130611
kj::parse::Sequence_::parseNext, //c++/src/kj/parse/common.h, //337, //7, //Kenton Varda, //20130611
kj::tuple, //c++/src/kj/tuple.h, //333, //12, //Kenton Varda, //20130611
kj::Maybe::emplace, //c++/src/kj/common.h, //985, //14, //Kenton Varda, //20141228
kj::_::NullableValue::emplace, //c++/src/kj/common.h, //813, //14, //Kenton Varda, //20141228
kj::ArrayBuilder::add, //c++/src/kj/array.h, //350, //5, //Kenton Varda, //20130725
kj::_::ExpandAndApplyFunc::operator(), //c++/src/kj/tuple.h, //255, //7, //Kenton Varda, //20130611
kj::_::MakeTupleFunc::operator(), //c++/src/kj/tuple.h, //309, //26, //Kenton Varda, //20130611
kj::_::Tuple::Tuple, //c++/src/kj/tuple.h, //158, //19, //Kenton Varda, //20130702
kj::_::Tuple::Tuple, //c++/src/kj/tuple.h, //160, //19, //Kenton Varda, //20130702
kj::_::Tuple::Tuple, //c++/src/kj/tuple.h, //162, //19, //Kenton Varda, //20130702
kj::_::Tuple::Tuple, //c++/src/kj/tuple.h, //166, //12, //Kenton Varda, //20130702
kj::_::TupleImpl::TupleImpl, //c++/src/kj/tuple.h, //130, //9, //Kenton Varda, //20130611
kj::_::TupleImpl::TupleImpl, //c++/src/kj/tuple.h, //139, //19, //Kenton Varda, //20130702
kj::_::TupleImpl::TupleImpl, //c++/src/kj/tuple.h, //142, //19, //Kenton Varda, //20130702
kj::_::TupleImpl::TupleImpl, //c++/src/kj/tuple.h, //145, //19, //Kenton Varda, //20130702
kj::_::expandAndApply, //c++/src/kj/tuple.h, //262, //12, //Kenton Varda, //20130611
kj::_::expandAndApply, //c++/src/kj/tuple.h, //271, //12, //Kenton Varda, //20130611
kj::_::expandAndApply, //c++/src/kj/tuple.h, //278, //12, //Kenton Varda, //20130611
kj::_::expandAndApply, //c++/src/kj/tuple.h, //285, //12, //Kenton Varda, //20130611
kj::_::expandAndApplyWithIndexes, //c++/src/kj/tuple.h, //292, //12, //Kenton Varda, //20130611
kj::_::expandAndApplyWithIndexes, //c++/src/kj/tuple.h, //300, //12, //Kenton Varda, //20130611
kj::_::getImpl, //c++/src/kj/tuple.h, //190, //33, //Kenton Varda, //20130611
kj::_::getImpl, //c++/src/kj/tuple.h, //196, //34, //Kenton Varda, //20130611
kj::_::getImpl, //c++/src/kj/tuple.h, //202, //39, //Kenton Varda, //20130611

variadic class templates
kj::_::Tuple, //c++/src/kj/tuple.h, //152, //6, //Kenton Varda, //20130611
kj::ConstFunction, //c++/src/kj/function.h, //147, //6, //Kenton Varda, //20130827
kj::Function, //c++/src/kj/function.h, //94, //6, //Kenton Varda, //20130801
kj::_::BoundMethod, //c++/src/kj/function.h, //207, //6, //Kenton Varda, //20130801
kj::_::BoundMethod, //c++/src/kj/function.h, //221, //6, //Kenton Varda, //20130827
kj::OneOf, //c++/src/kj/one-of.h, //43, //6, //Kenton Varda, //20131008
kj::parse::OneOf_, //c++/src/kj/parse/common.h, //563, //6, //Kenton Varda, //20130612
kj::parse::Sequence_, //c++/src/kj/parse/common.h, //295, //6, //Kenton Varda, //20130612
capnp::_::ChooseBrand, //c++/src/capnp/generated-header-support.h, //271, //7, //Kenton Varda, //20141024
capnp::_::ChooseBrand, //c++/src/capnp/generated-header-support.h, //275, //7, //Kenton Varda, //20141024
kj::_::TypeIndex_, //c++/src/kj/one-of.h, //36, //7, //Kenton Varda, //20131008
kj::_::TypeIndex_, //c++/src/kj/one-of.h, //38, //7, //Kenton Varda, //20131008
kj::_::GetFunctorStartAddress, //c++/src/kj/async-inl.h, //299, //7, //Kenton Varda, //20150504
kj::Tuple_, //c++/src/kj/tuple.h, //320, //32, //Kenton Varda, //20130611
kj::_::ExpandAndApplyFunc, //c++/src/kj/tuple.h, //249, //7, //Kenton Varda, //20130611
kj::_::ExpandAndApplyResult_, //c++/src/kj/tuple.h, //224, //7, //Kenton Varda, //20130611
kj::_::ExpandAndApplyResult_, //c++/src/kj/tuple.h, //227, //7, //Kenton Varda, //20130611
kj::_::ExpandAndApplyResult_, //c++/src/kj/tuple.h, //230, //7, //Kenton Varda, //20130611
kj::_::ExpandAndApplyResult_, //c++/src/kj/tuple.h, //233, //7, //Kenton Varda, //20130611
kj::_::ExpandAndApplyResult_, //c++/src/kj/tuple.h, //236, //7, //Kenton Varda, //20130611
kj::_::Indexes, //c++/src/kj/tuple.h, //68, //7, //Kenton Varda, //20130611
kj::_::MakeIndexes_, //c++/src/kj/tuple.h, //73, //7, //Kenton Varda, //20130611
kj::_::MakeIndexes_, //c++/src/kj/tuple.h, //75, //7, //Kenton Varda, //20130611
kj::_::TupleElement, //c++/src/kj/tuple.h, //113, //7, //Kenton Varda, //20130611
kj::_::TupleImpl, //c++/src/kj/tuple.h, //122, //7, //Kenton Varda, //20130611
kj::_::TypeByIndex_, //c++/src/kj/tuple.h, //53, //7, //Kenton Varda, //20130611
kj::_::TypeByIndex_, //c++/src/kj/tuple.h, //57, //7, //Kenton Varda, //20130611

alias class templates
PromiseForResult, //c++/src/kj/async.h, //49, //Kenton Varda, //20130912
InternalRefFromRealmGatewayClient, //c++/src/capnp/rpc-prelude.h, //110, //Kenton Varda, //20141112
ExternalRefFromRealmGatewayClient, //c++/src/capnp/rpc-prelude.h, //120, //Kenton Varda, //20141112
WireValue, //c++/src/capnp/endian.h, //88, //Kenton Varda, //20130612
WireValue, //c++/src/capnp/endian.h, //179, //Kenton Varda, //20130612
WireValue, //c++/src/capnp/endian.h, //294, //Kenton Varda, //20130612
