156, 23
0, 1
0, 1
57, 3
0, 1
3, 0
0, 1

function templates with default arguments

variadic function templates
Common::SynchronizedWrapper::SynchronizedWrapper, //src/common/synchronized_wrapper.h, //20, //4, //Yuri Kunde Schlesner, //20150205
ResultVal::WithCode, //src/core/hle/result.h, //279, //21, //Yuri Kunde Schlesner, //20141023
ResultVal::emplace, //src/core/hle/result.h, //332, //9, //Yuri Kunde Schlesner, //20141023

variadic class templates

alias class templates
SharedPtr, //src/core/hle/kernel/kernel.h, //116, //Yuri Kunde Schlesner, //20141229
