197, 78
0, 3
0, 32
134, 40
26, 2
93, 34
0, 2

function templates with default arguments
sol::proxy::operator=, //dep/include/sol/proxy.hpp, //64, //9, //Gusor, //20140806
sol::proxy::operator=, //dep/include/sol/proxy.hpp, //59, //9, //Gusor, //20140806
sol::table::set_fx, //dep/include/sol/table.hpp, //164, //9, //Gusor, //20140806
sol::table::set_fx, //dep/include/sol/table.hpp, //159, //9, //Gusor, //20140806
sol::stack::pusher::set_memfx, //dep/include/sol/function.hpp, //93, //16, //Gusor, //20140806
sol::stack::pusher::set_memfx, //dep/include/sol/function.hpp, //101, //16, //Gusor, //20140806
sol::proxy::operator _Bool, //dep/include/sol/proxy.hpp, //85, //4, //Gusor, //20140806
sol::proxy::operator double, //dep/include/sol/proxy.hpp, //90, //4, //Gusor, //20140806
sol::proxy::operator float, //dep/include/sol/proxy.hpp, //95, //4, //Gusor, //20140806
sol::proxy::operator int, //dep/include/sol/proxy.hpp, //100, //4, //Gusor, //20140806
sol::stack::pusher::push, //dep/include/sol/stack.hpp, //230, //16, //Gusor, //20140806
sol::stack::getter::get, //dep/include/sol/stack.hpp, //114, //14, //Gusor, //20140806
sol::stack::getter::get, //dep/include/sol/stack.hpp, //104, //13, //Gusor, //20140806
sol::stack::getter::get, //dep/include/sol/stack.hpp, //99, //13, //Gusor, //20140806
sol::stack::getter::get, //dep/include/sol/stack.hpp, //94, //13, //Gusor, //20140806
sol::stack::pusher::push, //dep/include/sol/stack.hpp, //211, //16, //Gusor, //20140806
sol::stack::pusher::push, //dep/include/sol/stack.hpp, //245, //16, //Gusor, //20140806
sol::stack::pusher::push, //dep/include/sol/stack.hpp, //240, //16, //Gusor, //20140806
sol::stack::pusher::push, //dep/include/sol/stack.hpp, //250, //16, //Gusor, //20140806
sol::userdata::push_upvalues, //dep/include/sol/userdata.hpp, //393, //15, //RaptorTeak, //20140811
sol::detail::resolve_i, //dep/include/sol/resolve.hpp, //31, //12, //RaptorTeak, //20140811
sol::detail::resolve_i, //dep/include/sol/resolve.hpp, //55, //12, //RaptorTeak, //20140811
sol::stack::pusher::push, //dep/include/sol/stack.hpp, //216, //16, //Gusor, //20140806
sol::stack::getter::get, //dep/include/sol/stack.hpp, //109, //13, //Gusor, //20140806
sol::stack::pusher::push, //dep/include/sol/stack.hpp, //201, //16, //Gusor, //20140806
sol::stack::pusher::push, //dep/include/sol/stack.hpp, //206, //16, //Gusor, //20140806

variadic function templates
sol::userdata::userdata, //dep/include/sol/userdata.hpp, //347, //4, //Gusor, //20140806
sol::stack::push, //dep/include/sol/stack.hpp, //335, //12, //Gusor, //20140806
sol::stack::push, //dep/include/sol/stack.hpp, //341, //12, //Gusor, //20140806
sol::table::get, //dep/include/sol/table.hpp, //68, //73, //Gusor, //20140806
sol::table::get, //dep/include/sol/table.hpp, //79, //73, //Gusor, //20140806
sol::table::set_function, //dep/include/sol/table.hpp, //128, //11, //Gusor, //20140806
sol::table::set_function, //dep/include/sol/table.hpp, //140, //11, //Gusor, //20140806
sol::table::set_function, //dep/include/sol/table.hpp, //152, //11, //Gusor, //20140806
sol::table::set_fx, //dep/include/sol/table.hpp, //164, //9, //Gusor, //20140806
sol::table::set_fx, //dep/include/sol/table.hpp, //159, //9, //Gusor, //20140806
sol::table::set_resolved_function, //dep/include/sol/table.hpp, //176, //9, //Gusor, //20140806
sol::table::tuple_get, //dep/include/sol/table.hpp, //58, //73, //Gusor, //20140806
sol::function::call, //dep/include/sol/function.hpp, //81, //39, //Gusor, //20140806
sol::function::invoke, //dep/include/sol/function.hpp, //43, //23, //Gusor, //20140806
sol::function::operator(), //dep/include/sol/function.hpp, //71, //9, //Gusor, //20140806
sol::function::operator(), //dep/include/sol/function.hpp, //76, //39, //Gusor, //20140806
sol::stack::detail::push_userdata, //dep/include/sol/stack.hpp, //78, //12, //Gusor, //20140806
sol::stack::pop_reverse_call, //dep/include/sol/stack.hpp, //474, //12, //Gusor, //20140806
sol::stack::push_args, //dep/include/sol/stack.hpp, //350, //12, //Gusor, //20140806
sol::stack::pusher::push, //dep/include/sol/function.hpp, //212, //16, //Gusor, //20140806
sol::stack::pusher::set, //dep/include/sol/function.hpp, //113, //16, //Gusor, //20140806
sol::stack::pusher::set, //dep/include/sol/function.hpp, //123, //16, //Gusor, //20140806
sol::stack::pusher::set, //dep/include/sol/function.hpp, //135, //16, //Gusor, //20140806
sol::stack::pusher::set_isconvertible_fx, //dep/include/sol/function.hpp, //147, //16, //Gusor, //20140806
sol::stack::pusher::set_isconvertible_fx, //dep/include/sol/function.hpp, //140, //16, //Gusor, //20140806
sol::stack::pusher::set_memfx, //dep/include/sol/function.hpp, //93, //16, //Gusor, //20140806
sol::stack::pusher::set_memfx, //dep/include/sol/function.hpp, //101, //16, //Gusor, //20140806
sol::detail::functor::call, //dep/include/sol/function_types.hpp, //47, //9, //RaptorTeak, //20140811
sol::detail::functor::call, //dep/include/sol/function_types.hpp, //53, //8, //RaptorTeak, //20140811
sol::detail::functor::functor, //dep/include/sol/function_types.hpp, //44, //4, //Gusor, //20140806
sol::detail::functor::operator(), //dep/include/sol/function_types.hpp, //59, //9, //RaptorTeak, //20140811
sol::detail::functor::functor, //dep/include/sol/function_types.hpp, //73, //4, //Gusor, //20140806
sol::detail::functor::call, //dep/include/sol/function_types.hpp, //100, //9, //RaptorTeak, //20140811
sol::detail::functor::call, //dep/include/sol/function_types.hpp, //106, //8, //RaptorTeak, //20140811
sol::detail::functor::functor, //dep/include/sol/function_types.hpp, //97, //4, //RaptorTeak, //20140811
sol::detail::functor::operator(), //dep/include/sol/function_types.hpp, //112, //9, //RaptorTeak, //20140811
sol::functor_function::functor_function, //dep/include/sol/function_types.hpp, //289, //4, //Gusor, //20140806
sol::functor_function::operator(), //dep/include/sol/function_types.hpp, //292, //8, //Gusor, //20140806
sol::functor_function::operator(), //dep/include/sol/function_types.hpp, //300, //8, //Gusor, //20140806
sol::functor_function::operator(), //dep/include/sol/function_types.hpp, //305, //8, //Gusor, //20140806
sol::member_function::functor::functor, //dep/include/sol/function_types.hpp, //332, //8, //Gusor, //20140806
sol::member_function::functor::operator(), //dep/include/sol/function_types.hpp, //335, //20, //Gusor, //20140806
sol::member_function::member_function, //dep/include/sol/function_types.hpp, //341, //4, //Gusor, //20140806
sol::member_function::operator(), //dep/include/sol/function_types.hpp, //344, //8, //Gusor, //20140806
sol::member_function::operator(), //dep/include/sol/function_types.hpp, //350, //8, //Gusor, //20140806
sol::member_function::operator(), //dep/include/sol/function_types.hpp, //355, //8, //Gusor, //20140806
sol::stack::get_call, //dep/include/sol/stack.hpp, //459, //12, //Gusor, //20140806
sol::stack::get_call, //dep/include/sol/stack.hpp, //464, //12, //Gusor, //20140806
sol::static_function::typed_call, //dep/include/sol/function_types.hpp, //125, //15, //Gusor, //20140806
sol::static_function::typed_call, //dep/include/sol/function_types.hpp, //133, //15, //Gusor, //20140806
sol::static_function::typed_call, //dep/include/sol/function_types.hpp, //138, //15, //Gusor, //20140806
sol::static_member_function::typed_call, //dep/include/sol/function_types.hpp, //165, //15, //Gusor, //20140806
sol::static_member_function::typed_call, //dep/include/sol/function_types.hpp, //174, //15, //Gusor, //20140806
sol::static_member_function::typed_call, //dep/include/sol/function_types.hpp, //179, //15, //Gusor, //20140806
sol::userdata_function::userdata_function, //dep/include/sol/function_types.hpp, //440, //4, //RaptorTeak, //20140811
sol::userdata_function_core::operator(), //dep/include/sol/function_types.hpp, //408, //8, //Gusor, //20140806
sol::userdata_function_core::operator(), //dep/include/sol/function_types.hpp, //417, //8, //Gusor, //20140806
sol::userdata_function_core::operator(), //dep/include/sol/function_types.hpp, //426, //8, //Gusor, //20140806
sol::userdata_function_core::userdata_function_core, //dep/include/sol/function_types.hpp, //384, //4, //RaptorTeak, //20140811
sol::userdata_indexing_function::userdata_indexing_function, //dep/include/sol/function_types.hpp, //511, //4, //RaptorTeak, //20140811
sol::userdata_variable_function::userdata_variable_function, //dep/include/sol/function_types.hpp, //469, //4, //RaptorTeak, //20140811
sol::proxy::call, //dep/include/sol/proxy.hpp, //105, //39, //Gusor, //20140806
sol::proxy::set_function, //dep/include/sol/proxy.hpp, //53, //11, //Gusor, //20140806
sol::state::set_function, //dep/include/sol/state.hpp, //233, //11, //Gusor, //20140806
sol::state::get, //dep/include/sol/state.hpp, //139, //9, //Gusor, //20140806
sol::state::new_userdata, //dep/include/sol/state.hpp, //162, //11, //Gusor, //20140806
sol::state::new_userdata, //dep/include/sol/state.hpp, //168, //11, //Gusor, //20140806
sol::state::open_libraries, //dep/include/sol/state.hpp, //69, //9, //Gusor, //20140806
sol::state::set_function, //dep/include/sol/state.hpp, //209, //11, //Gusor, //20140806
sol::state::set_function, //dep/include/sol/state.hpp, //221, //11, //Gusor, //20140806
sol::stack::detail::ltr_get, //dep/include/sol/stack.hpp, //405, //12, //Gusor, //20140806
sol::stack::detail::ltr_get, //dep/include/sol/stack.hpp, //409, //12, //Gusor, //20140806
sol::stack::detail::ltr_pop, //dep/include/sol/stack.hpp, //414, //12, //Gusor, //20140806
sol::stack::detail::ltr_pop, //dep/include/sol/stack.hpp, //418, //12, //Gusor, //20140806
sol::stack::detail::push_tuple, //dep/include/sol/stack.hpp, //399, //12, //Gusor, //20140806
sol::stack::detail::rtl_pop, //dep/include/sol/stack.hpp, //423, //12, //Gusor, //20140806
sol::stack::detail::rtl_pop, //dep/include/sol/stack.hpp, //427, //12, //Gusor, //20140806
sol::stack::pop_call, //dep/include/sol/stack.hpp, //469, //12, //Gusor, //20140806
sol::stack::push_reverse, //dep/include/sol/stack.hpp, //449, //12, //Gusor, //20140806
sol::stack::push_reverse, //dep/include/sol/stack.hpp, //454, //12, //Gusor, //20140806
sol::default_construct::operator(), //dep/include/sol/default_construct.hpp, //31, //9, //Gusor, //20140806
sol::userdata::build_function_tables, //dep/include/sol/userdata.hpp, //297, //9, //RaptorTeak, //20140811
sol::userdata::build_function_tables, //dep/include/sol/userdata.hpp, //309, //9, //RaptorTeak, //20140811
sol::userdata::constructor::do_constructor, //dep/include/sol/userdata.hpp, //105, //20, //Gusor, //20140806
sol::userdata::constructor::match_constructor, //dep/include/sol/userdata.hpp, //115, //20, //Gusor, //20140806
sol::userdata::userdata, //dep/include/sol/userdata.hpp, //317, //4, //Gusor, //20140806
sol::userdata::userdata, //dep/include/sol/userdata.hpp, //320, //4, //Gusor, //20140806
sol::userdata::userdata, //dep/include/sol/userdata.hpp, //323, //4, //Gusor, //20140806
sol::detail::resolve_i, //dep/include/sol/resolve.hpp, //31, //12, //RaptorTeak, //20140811
sol::detail::resolve_i, //dep/include/sol/resolve.hpp, //55, //12, //RaptorTeak, //20140811
sol::resolve, //dep/include/sol/resolve.hpp, //71, //12, //RaptorTeak, //20140811
sol::resolve, //dep/include/sol/resolve.hpp, //81, //12, //RaptorTeak, //20140811
sol::resolve, //dep/include/sol/resolve.hpp, //91, //12, //RaptorTeak, //20140811

variadic class templates
sol::function_sig_t, //dep/include/sol/types.hpp, //43, //7, //Gusor, //20140806
sol::is_specialization_of, //dep/include/sol/traits.hpp, //58, //7, //Gusor, //20140806
sol::constructors, //dep/include/sol/tuple.hpp, //92, //7, //Gusor, //20140806
sol::types, //dep/include/sol/tuple.hpp, //60, //7, //Gusor, //20140806
sol::And, //dep/include/sol/traits.hpp, //84, //7, //Gusor, //20140806
sol::And, //dep/include/sol/traits.hpp, //87, //7, //Gusor, //20140806
sol::Or, //dep/include/sol/traits.hpp, //90, //7, //Gusor, //20140806
sol::Or, //dep/include/sol/traits.hpp, //93, //7, //Gusor, //20140806
sol::are_same, //dep/include/sol/traits.hpp, //63, //7, //Gusor, //20140806
sol::are_same, //dep/include/sol/traits.hpp, //66, //7, //Gusor, //20140806
sol::detail::fx_traits, //dep/include/sol/traits.hpp, //177, //7, //RaptorTeak, //20140811
sol::detail::fx_traits, //dep/include/sol/traits.hpp, //192, //7, //RaptorTeak, //20140811
sol::detail::fx_traits, //dep/include/sol/traits.hpp, //207, //7, //RaptorTeak, //20140811
sol::detail::fx_traits, //dep/include/sol/traits.hpp, //222, //7, //RaptorTeak, //20140811
sol::is_specialization_of, //dep/include/sol/traits.hpp, //60, //7, //Gusor, //20140806
sol::is_tuple, //dep/include/sol/traits.hpp, //34, //7, //Gusor, //20140806
sol::is_tuple, //dep/include/sol/traits.hpp, //37, //7, //Gusor, //20140806
sol::return_type, //dep/include/sol/traits.hpp, //111, //7, //Gusor, //20140806
sol::indices, //dep/include/sol/tuple.hpp, //45, //7, //Gusor, //20140806
sol::stack::pusher, //dep/include/sol/function.hpp, //90, //7, //Gusor, //20140806
sol::tuple_types, //dep/include/sol/tuple.hpp, //83, //7, //Gusor, //20140806
sol::build_indices, //dep/include/sol/tuple.hpp, //48, //7, //Gusor, //20140806
sol::build_indices, //dep/include/sol/tuple.hpp, //51, //7, //Gusor, //20140806
sol::build_reverse_indices, //dep/include/sol/tuple.hpp, //54, //7, //Gusor, //20140806
sol::build_reverse_indices, //dep/include/sol/tuple.hpp, //57, //7, //Gusor, //20140806
sol::detail::chop_one, //dep/include/sol/tuple.hpp, //73, //7, //RaptorTeak, //20140811
sol::detail::chop_one, //dep/include/sol/tuple.hpp, //76, //7, //RaptorTeak, //20140811
sol::detail::reversed_, //dep/include/sol/tuple.hpp, //64, //7, //Gusor, //20140806
sol::detail::reversed_, //dep/include/sol/tuple.hpp, //67, //7, //Gusor, //20140806
sol::reverse_tuple, //dep/include/sol/tuple.hpp, //38, //7, //Gusor, //20140806
sol::reversed, //dep/include/sol/tuple.hpp, //80, //7, //RaptorTeak, //20140811
sol::tuple_types, //dep/include/sol/tuple.hpp, //86, //7, //Gusor, //20140806
sol::stack::pusher, //dep/include/sol/stack.hpp, //433, //7, //Gusor, //20140806
sol::userdata::constructor, //dep/include/sol/userdata.hpp, //103, //11, //Gusor, //20140806

alias class templates
Bool, //dep/include/sol/traits.hpp, //72, //Gusor, //20140806
Not, //dep/include/sol/traits.hpp, //75, //Gusor, //20140806
