907, 465
0, 11
0, 209
587, 215
2, 3
3, 1
0, 0

function templates with default arguments
tools::read_varint, //src/common/varint.h, //94, //4, //jebes, //20140911
get, //tests/io.h, //113, //0, //Antonio Juarez, //20140303

variadic function templates
tools::error::throw_wallet_ex, //src/wallet/wallet_errors.h, //598, //9, //Antonio Juarez, //20140402
get, //tests/io.h, //113, //0, //Antonio Juarez, //20140303
testing::internal::PrintTo, //tests/gtest/include/gtest/gtest-printers.h, //572, //5, //Riccardo Spagni, //20150324

variadic class templates
testing::internal::TuplePolicy, //tests/gtest/include/gtest/gtest-printers.h, //796, //7, //Riccardo Spagni, //20150324

alias class templates
