14, 8
0, 0
0, 0
3, 1
1, 0
3, 0
0, 0

function templates with default arguments
Bindable::waitVoid, //depends/LogicalGui/LogicalGui.h, //179, //68, //Petr Mrázek, //20140906

variadic function templates
XcbCallVoid, //application/Platform_X11.cpp, //25, //27, //Orochimarufan, //20131018
Bindable::wait, //depends/LogicalGui/LogicalGui.h, //121, //56, //Petr Mrázek, //20140906
Bindable::waitVoid, //depends/LogicalGui/LogicalGui.h, //179, //68, //Petr Mrázek, //20140906

variadic class templates

alias class templates
