129, 71
0, 2
0, 34
34, 25
4, 11
25, 21
0, 0

function templates with default arguments
utils::xx_impl::assign_visitor_1::operator(), //utils/variant-impl.hpp, //425, //9, //Torarin, //20120824
utils::xx_impl::assign_visitor_1::operator(), //utils/variant-impl.hpp, //431, //9, //Torarin, //20120824
utils::xx_impl::assign_visitor_2::operator(), //utils/variant-impl.hpp, //500, //9, //Torarin, //20120824
utils::xx_impl::assign_visitor_2::operator(), //utils/variant-impl.hpp, //506, //9, //Torarin, //20120824

variadic function templates
std::swap, //utils/variant.hpp, //721, //9, //Torarin, //20120824
utils::case_of, //utils/variant.hpp, //619, //53, //Torarin, //20120824
utils::get, //utils/variant.hpp, //634, //7, //Torarin, //20120824
utils::get, //utils/variant.hpp, //648, //13, //Torarin, //20120824
utils::get, //utils/variant.hpp, //680, //7, //Torarin, //20120824
utils::get, //utils/variant.hpp, //689, //13, //Torarin, //20120824
utils::operator!=, //utils/variant.hpp, //704, //9, //Torarin, //20120824
utils::operator<, //utils/variant.hpp, //700, //9, //Torarin, //20120824
utils::operator<<, //utils/variant.hpp, //711, //18, //Torarin, //20120824
utils::operator<=, //utils/variant.hpp, //708, //9, //Torarin, //20120824
utils::operator==, //utils/variant.hpp, //698, //9, //Torarin, //20120824
utils::operator>, //utils/variant.hpp, //702, //9, //Torarin, //20120824
utils::operator>=, //utils/variant.hpp, //706, //9, //Torarin, //20120824
utils::variant::operator=, //utils/variant.hpp, //295, //23, //Torarin, //20120824
utils::variant::variant, //utils/variant.hpp, //196, //8, //Torarin, //20120824
utils::variant::operator=, //utils/variant.hpp, //324, //12, //Torarin, //20120824
utils::variant::variant, //utils/variant.hpp, //204, //8, //Torarin, //20120824
utils::variant::operator=, //utils/variant.hpp, //346, //23, //Torarin, //20120824
utils::xx_impl::apply_funcs_run, //utils/variant-impl.hpp, //726, //4, //Torarin, //20120824
utils::xx_impl::apply_funcs_check, //utils/variant-impl.hpp, //696, //4, //Torarin, //20120824
utils::xx_impl::delayed_visitor::operator(), //utils/variant-impl.hpp, //659, //16, //Torarin, //20120824
functor_visitor::functor_visitor, //utils/FunctorVisitor.h, //112, //2, //Torarin, //20120824
Mailbox::receive, //utils/Mailbox.h, //51, //7, //Torarin, //20120824
Mailbox::receive_wait, //utils/Mailbox.h, //71, //7, //Torarin, //20120824
utils::xx_impl::apply_funcs_run, //utils/variant-impl.hpp, //710, //4, //Torarin, //20120824

variadic class templates
utils::variant, //utils/variant.hpp, //139, //10, //Torarin, //20120824
utils::xx_impl::is_one_of_visitor, //utils/variant-impl.hpp, //626, //6, //Torarin, //20120824
Mailbox, //utils/Mailbox.h, //40, //6, //Torarin, //20120824
utils::is_variant, //utils/variant.hpp, //118, //11, //Torarin, //20120824
utils::xx_impl::common_result_type, //utils/variant-impl.hpp, //52, //7, //Torarin, //20120824
utils::function_traits, //utils/traits.hpp, //119, //7, //Torarin, //20120824
utils::function_traits, //utils/traits.hpp, //166, //7, //Torarin, //20120824
utils::function_traits, //utils/traits.hpp, //171, //7, //Torarin, //20120824
utils::function_traits, //utils/traits.hpp, //178, //7, //Torarin, //20120824
utils::function_traits, //utils/traits.hpp, //185, //7, //Torarin, //20120824
utils::function_traits, //utils/traits.hpp, //192, //7, //Torarin, //20120824
utils::function_traits, //utils/traits.hpp, //216, //7, //Torarin, //20120824
utils::function_traits, //utils/traits.hpp, //220, //7, //Torarin, //20120824
utils::function_traits, //utils/traits.hpp, //224, //7, //Torarin, //20120824
utils::function_traits, //utils/traits.hpp, //228, //7, //Torarin, //20120824
utils::xx_impl::memfn_type, //utils/traits.hpp, //100, //11, //Torarin, //20120824
utils::xx_impl::apply_funcs_walker, //utils/variant-impl.hpp, //674, //7, //Torarin, //20120824
utils::xx_impl::apply_funcs_walker, //utils/variant-impl.hpp, //685, //7, //Torarin, //20120824
utils::xx_impl::get_index, //utils/variant-impl.hpp, //303, //7, //Torarin, //20120824
utils::xx_impl::get_index_of_variant, //utils/variant-impl.hpp, //366, //7, //Torarin, //20120824
functor_visitor, //utils/FunctorVisitor.h, //107, //7, //Torarin, //20120824

alias class templates
