32, 15
0, 0
0, 0
13, 5
0, 3
6, 0
0, 4

function templates with default arguments

variadic function templates
openage::Unit::make_location, //cpp/unit/unit.h, //83, //13, //Jon0, //20150416
openage::Unit::make_location_annex, //cpp/unit/unit.h, //101, //11, //Jon0, //20150506
openage::util::tu_unique_value, //cpp/util/unique_identifier.h, //37, //7, //Michael Enßlin, //20141109
openage::util::unique_memorycell, //cpp/util/unique_identifier.h, //47, //3, //Michael Enßlin, //20141109
openage::util::unique_memorycell, //cpp/util/unique_identifier.h, //23, //3, //Michael Enßlin, //20141109
openage::util::unique_value, //cpp/util/unique_identifier.h, //13, //7, //Michael Enßlin, //20141109

variadic class templates

alias class templates
job_function_t, //cpp/job/types.h, //17, //Andre Kupka, //20150118
abortable_function_t, //cpp/job/types.h, //26, //Andre Kupka, //20150118
result_function_t, //cpp/job/types.h, //35, //Andre Kupka, //20150118
callback_function_t, //cpp/job/types.h, //44, //Andre Kupka, //20150118
