203, 107
2, 7
0, 33
68, 33
14, 6
39, 8
0, 0

function templates with default arguments
Util::optional::emplace, //src/common/Optional.h, //185, //13, //Amanieu d'Antras, //20131216
Util::optional::emplace, //src/common/Optional.h, //193, //13, //Amanieu d'Antras, //20131216
Util::optional::operator=, //src/common/Optional.h, //173, //18, //Amanieu d'Antras, //20131216
Util::optional::optional, //src/common/Optional.h, //122, //17, //Amanieu d'Antras, //20131216
Util::optional::optional, //src/common/Optional.h, //128, //17, //Amanieu d'Antras, //20131216
Math::Distance, //src/common/math/Vector.h, //921, //13, //Paweł Redman, //20150512
Math::DistanceSq, //src/common/math/Vector.h, //916, //13, //Paweł Redman, //20150512
Math::Dot, //src/common/math/Vector.h, //901, //13, //Paweł Redman, //20150512
Math::Length, //src/common/math/Vector.h, //911, //13, //Paweł Redman, //20150512
Math::LengthSq, //src/common/math/Vector.h, //906, //13, //Paweł Redman, //20150512
Math::Vector::Vector, //src/common/math/Vector.h, //232, //133, //Paweł Redman, //20150512
Math::Vector::Vector, //src/common/math/Vector.h, //249, //133, //Corentin Wallez, //20150413
Math::Vector::Vector, //src/common/math/Vector.h, //298, //133, //Corentin Wallez, //20150413
Math::Vector::Vector, //src/common/math/Vector.h, //437, //133, //Corentin Wallez, //20150413

variadic function templates
Log::Logger::Warn, //src/common/Log.h, //163, //17, //Amanieu d'Antras, //20131214
Sys::Error, //src/common/System.h, //81, //33, //Amanieu d'Antras, //20140826
Log::Notice, //src/common/Log.h, //212, //9, //Amanieu d'Antras, //20131214
Log::Warn, //src/common/Log.h, //207, //9, //Amanieu d'Antras, //20131214
Str::Format, //src/common/String.h, //286, //16, //Amanieu d'Antras, //20131214
Cmd::CmdBase::Print, //src/common/Command.h, //186, //18, //Amanieu d'Antras, //20131214
Util::Reader::FillTuple, //src/common/Serialize.h, //173, //21, //Corentin Wallez, //20150201
Util::Writer::WriteArgs, //src/common/Serialize.h, //93, //21, //Corentin Wallez, //20150201
Util::Writer::WriteArgs, //src/common/Serialize.h, //96, //21, //Corentin Wallez, //20150201
Util::Writer::WriteTuple, //src/common/Serialize.h, //102, //21, //Corentin Wallez, //20150201
Sys::Drop, //src/common/System.h, //85, //42, //TimePath, //20150415
IPC::SendMsg, //src/common/IPC/Channel.h, //232, //65, //Corentin Wallez, //20150201
IPC::detail::HandleMsg, //src/common/IPC/Channel.h, //188, //71, //Corentin Wallez, //20150204
IPC::detail::SendMsg, //src/common/IPC/Channel.h, //139, //89, //Corentin Wallez, //20150201
IPC::detail::SendMsg, //src/common/IPC/Channel.h, //152, //85, //Corentin Wallez, //20150201
Log::Logger::Debug, //src/common/Log.h, //177, //17, //Amanieu d'Antras, //20131214
Util::optional::emplace, //src/common/Optional.h, //185, //13, //Amanieu d'Antras, //20131216
Util::optional::emplace, //src/common/Optional.h, //193, //13, //Amanieu d'Antras, //20131216
Util::optional::optional, //src/common/Optional.h, //122, //17, //Amanieu d'Antras, //20131216
Util::optional::optional, //src/common/Optional.h, //128, //17, //Amanieu d'Antras, //20131216
Log::Debug, //src/common/Log.h, //217, //9, //Amanieu d'Antras, //20131214
Log::Logger::Notice, //src/common/Log.h, //170, //17, //Amanieu d'Antras, //20131214
VM::SendMsg, //src/gamelogic/shared/VMMain.h, //47, //54, //Corentin Wallez, //20140220
Util::uninitialized::construct, //src/common/Util.h, //115, //40, //Amanieu d'Antras, //20140214
VM::VMBase::SendMsg, //src/engine/framework/VirtualMachine.h, //130, //54, //Amanieu d'Antras, //20140317
tinyformat::format, //src/libs/tinyformat/tinyformat.h, //898, //5, //Corentin Wallez, //20131006
tinyformat::format, //src/libs/tinyformat/tinyformat.h, //905, //12, //Corentin Wallez, //20131006
FS::File::Printf, //src/common/FileSystem.h, //110, //41, //Amanieu d'Antras, //20140402
HandleMsg, //src/engine/client/cl_cgame.cpp, //2145, //63, //Corentin Wallez, //20150205
IPC::CommandBufferClient::SendMsg, //src/gamelogic/shared/CommandBufferClient.h, //47, //62, //Corentin Wallez, //20150205
IPC::CommandBufferClient::SendMsgImpl, //src/gamelogic/shared/CommandBufferClient.h, //51, //62, //Corentin Wallez, //20150205
tinyformat::detail::format, //src/libs/tinyformat/tinyformat.h, //861, //5, //Corentin Wallez, //20131006
tinyformat::printf, //src/libs/tinyformat/tinyformat.h, //913, //5, //Corentin Wallez, //20131006
Math::Vector::Vector, //src/common/math/Vector.h, //236, //73, //Corentin Wallez, //20150413
Math::Vector::Vector, //src/common/math/Vector.h, //253, //73, //Corentin Wallez, //20150413
Math::Vector::Vector, //src/common/math/Vector.h, //302, //73, //Corentin Wallez, //20150413
Math::Vector::Vector, //src/common/math/Vector.h, //441, //73, //Corentin Wallez, //20150413
Math::VectorBase::FillFromList, //src/common/math/Vector.h, //55, //62, //Corentin Wallez, //20150413
Math::VectorBase::FillFromList, //src/common/math/Vector.h, //60, //74, //Corentin Wallez, //20150413

variadic class templates
IPC::Message, //src/common/IPC/Common.h, //95, //52, //Corentin Wallez, //20150201
IPC::SyncMessage, //src/common/IPC/Common.h, //121, //64, //Corentin Wallez, //20150201
IPC::detail::MapTuple, //src/common/IPC/Channel.h, //183, //39, //Amanieu d'Antras, //20150208
IPC::Reply, //src/common/IPC/Common.h, //103, //39, //Corentin Wallez, //20150201
Util::TypeList, //src/common/Util.h, //85, //31, //Amanieu d'Antras, //20140217
Util::TypeListFromTuple, //src/common/Util.h, //87, //31, //Amanieu d'Antras, //20140217
Util::concat, //src/common/Util.h, //77, //44, //Amanieu d'Antras, //20140205
Util::seq, //src/common/Util.h, //72, //27, //Amanieu d'Antras, //20140205

alias class templates
